Date,fdate,beta_AR_1,beta_AR_2,beta_AR_3,beta_AR_4,beta_AR_5,beta_TR_1,beta_TR_2,beta_TR_3,beta_TR_4,beta_TR_5,beta_AR_Sig,beta_TR_Sig,beta_AR_130,beta_TR_130,beta_TR_BP,beta_TR_LO,beta_CAR_1,beta_CAR_2,beta_CAR_3,beta_CAR_4,beta_CAR_5,beta_CTR_1,beta_CTR_2,beta_CTR_3,beta_CTR_4,beta_CTR_5,beta_CAR_LS,beta_CTR_LS,beta_CAR_SW,beta_CTR_SW,beta_CTR_BP,beta_CTR_LO,beta_CXR_LO,beta_CTR_13,beta_CADD,beta_CTDD
2000-02-29,2000-01-31,-5.01%,-5.36%,-2.54%,-3.25%,-2.02%,22.45%,7.38%,8.75%,6.22%,16.98%,3.10%,-7.40%,-0.39%,13.77%,2.38%,15.99%,95,95,97,97,98,122,107,109,106,117,2.99%,-5.47%,3.10%,-7.40%,2.38%,15.99%,13.60%,13.77%,0.00%,-7.40%
2000-03-31,2000-02-29,15.29%,7.11%,3.40%,1.78%,7.82%,-1.40%,3.64%,1.45%,1.03%,0.05%,-8.77%,2.76%,4.09%,1.15%,6.85%,0.32%,110,101,101,98,106,121,111,110,107,117,-4.71%,-4.10%,-5.95%,-4.84%,9.40%,16.36%,6.18%,15.07%,-8.77%,-4.84%
2000-04-30,2000-03-31,0.56%,0.18%,-0.49%,-0.82%,-5.43%,-13.18%,-4.33%,-10.00%,-4.10%,-11.02%,-5.47%,3.06%,-6.32%,-9.51%,-5.37%,-10.43%,110,102,100,98,100,105,106,99,103,104,-10.42%,-2.03%,-11.09%,-1.93%,3.52%,4.22%,0.81%,4.13%,-13.76%,-1.93%
2000-05-31,2000-04-30,-0.51%,-0.43%,-0.15%,-0.07%,-1.01%,-12.72%,-3.99%,-4.97%,-1.70%,-5.29%,-0.44%,8.12%,-1.09%,-2.41%,-3.56%,-4.85%,110,101,100,98,99,91,102,94,101,99,-10.86%,5.24%,-11.49%,6.04%,-0.16%,-0.84%,-0.49%,1.61%,-14.14%,0.00%
2000-06-30,2000-05-31,-5.81%,-0.49%,0.76%,-0.08%,-2.19%,16.59%,4.70%,7.24%,3.36%,5.53%,3.41%,-12.63%,-1.31%,0.87%,4.53%,4.66%,103,101,101,98,97,107,107,101,105,104,-7.64%,-6.40%,-8.46%,-7.36%,4.37%,3.79%,-0.37%,2.50%,-11.21%,-12.63%
2000-07-31,2000-06-30,7.92%,1.10%,-0.79%,-1.51%,-1.42%,-5.64%,-0.02%,-2.57%,0.26%,-1.07%,-10.82%,5.01%,-4.91%,0.53%,-1.97%,-0.97%,111,102,100,96,95,101,107,99,105,103,-16.26%,-2.12%,-18.37%,-2.71%,2.31%,2.78%,0.63%,3.04%,-20.82%,-8.25%
2000-08-31,2000-07-31,3.12%,1.38%,1.43%,-0.16%,-0.38%,11.15%,6.61%,4.82%,3.66%,4.31%,-3.24%,-6.99%,-1.39%,1.98%,7.47%,4.08%,115,103,102,96,95,112,114,103,109,107,-19.20%,-8.82%,-21.01%,-9.51%,9.95%,6.97%,-2.78%,5.09%,-23.39%,-14.67%
2000-09-30,2000-08-31,3.56%,1.76%,1.21%,0.15%,1.62%,-9.37%,-2.25%,-3.82%,-1.38%,-1.68%,-2.30%,8.10%,0.81%,0.96%,-4.71%,-1.47%,119,105,103,96,97,101,112,99,107,106,-20.77%,-1.81%,-22.83%,-2.18%,4.77%,5.40%,0.37%,6.10%,-25.15%,-7.75%
2000-10-31,2000-09-30,-1.79%,-2.70%,-2.53%,-3.53%,-4.15%,-12.02%,-4.08%,-7.10%,-3.13%,-5.08%,-2.79%,7.89%,-4.75%,-2.23%,-2.05%,-4.60%,117,102,100,93,93,89,107,92,104,100,-22.64%,5.00%,-24.98%,5.54%,2.62%,0.55%,-2.19%,3.73%,-27.23%,-0.47%
2000-11-30,2000-10-31,0.24%,-2.41%,-1.26%,-2.29%,-2.79%,-24.91%,-9.96%,-10.30%,-5.79%,-8.52%,-2.74%,18.40%,-3.57%,-2.50%,-9.69%,-8.02%,117,100,99,91,90,67,96,83,98,92,-24.98%,22.21%,-27.03%,24.96%,-7.32%,-7.51%,-0.55%,1.14%,-29.23%,0.00%
2000-12-31,2000-11-30,-1.48%,0.04%,-0.05%,-1.79%,-7.68%,-7.12%,2.72%,1.63%,1.71%,-4.52%,-6.00%,4.19%,-8.10%,-1.58%,1.69%,-2.83%,115,100,99,89,83,62,99,84,99,88,-29.63%,25.38%,-31.41%,30.19%,-5.76%,-10.13%,-5.05%,-0.46%,-33.47%,0.00%
2001-01-31,2000-12-31,28.32%,9.65%,5.06%,2.09%,6.76%,43.36%,21.52%,20.63%,14.77%,23.63%,-26.40%,-22.07%,-2.14%,14.97%,3.74%,21.60%,148,109,104,91,89,89,120,102,114,108,-44.81%,0.64%,-49.51%,1.46%,-2.23%,9.27%,11.90%,14.45%,-51.03%,-22.07%
2001-02-28,2001-01-31,15.00%,6.95%,6.02%,6.14%,10.51%,-20.18%,-4.99%,-6.89%,-0.89%,-3.99%,-4.99%,18.35%,8.02%,2.27%,-9.48%,-3.23%,170,117,110,96,98,71,114,95,113,104,-47.28%,16.93%,-52.03%,20.08%,-11.50%,5.74%,18.89%,17.05%,-53.47%,-7.77%
2001-03-31,2001-02-28,3.60%,3.04%,1.07%,2.15%,2.66%,-14.59%,-4.32%,-6.70%,-2.11%,-5.65%,-0.48%,10.82%,2.36%,-1.69%,-6.73%,-4.94%,176,120,111,98,101,61,109,88,111,98,-47.78%,27.38%,-52.26%,33.07%,-17.45%,0.52%,21.01%,15.07%,-53.70%,0.00%
2001-04-30,2001-03-31,-3.41%,-3.47%,-2.65%,-2.17%,-4.29%,15.09%,5.83%,6.02%,4.78%,6.34%,-1.32%,-10.07%,-4.23%,2.97%,8.26%,5.99%,170,116,108,96,96,70,116,94,116,104,-48.24%,16.23%,-52.89%,19.67%,-10.63%,6.54%,18.26%,18.48%,-54.31%,-10.07%
2001-05-31,2001-04-30,6.32%,2.62%,2.95%,2.91%,4.46%,5.50%,5.62%,7.31%,6.88%,9.32%,-2.22%,4.35%,3.29%,10.09%,1.00%,8.79%,181,119,112,99,101,74,122,100,124,114,-49.20%,20.67%,-53.94%,24.88%,-9.74%,15.90%,27.47%,30.44%,-55.32%,-6.15%
2001-06-30,2001-05-31,-6.19%,0.03%,-0.19%,0.26%,-2.66%,0.07%,2.65%,1.34%,2.64%,2.06%,4.23%,2.52%,-1.30%,2.68%,-1.54%,1.93%,170,119,111,99,98,74,125,102,127,116,-47.41%,23.08%,-51.99%,28.02%,-11.12%,18.13%,31.88%,33.94%,-53.43%,-3.79%
2001-07-31,2001-06-30,4.75%,3.95%,2.61%,2.81%,3.55%,-9.40%,-1.10%,-2.11%,0.60%,-2.10%,-0.42%,9.18%,3.37%,1.26%,-1.79%,-1.50%,178,124,114,102,101,67,124,100,128,114,-48.04%,32.07%,-52.19%,39.78%,-12.72%,16.37%,32.28%,35.63%,-53.63%,0.00%
2001-08-31,2001-07-31,-1.81%,2.27%,2.81%,1.98%,2.77%,-10.00%,-2.99%,-2.88%,-1.34%,-1.55%,4.70%,9.42%,3.90%,1.36%,-5.97%,-1.47%,175,127,117,104,104,60,120,97,126,112,-45.66%,43.22%,-49.94%,52.95%,-17.93%,14.65%,38.23%,37.47%,-51.45%,0.00%
2001-09-30,2001-08-31,1.06%,1.82%,1.47%,3.72%,8.68%,-22.16%,-12.89%,-10.32%,-8.47%,-10.61%,8.54%,12.63%,11.04%,-5.86%,-8.92%,-9.65%,177,129,119,108,113,47,105,87,116,100,-41.52%,59.76%,-45.67%,72.28%,-25.25%,3.59%,37.21%,29.41%,-47.30%,0.00%
2001-10-31,2001-09-30,-4.06%,-2.51%,-0.52%,-0.38%,-2.22%,18.74%,6.11%,4.98%,5.21%,6.60%,2.53%,-11.58%,-0.71%,3.50%,2.68%,6.97%,169,126,119,108,111,56,111,91,122,107,-40.44%,40.37%,-44.29%,52.32%,-23.25%,10.81%,43.11%,33.94%,-45.97%,-11.58%
2001-11-30,2001-10-31,4.39%,-1.49%,-1.74%,-1.98%,-4.89%,14.85%,7.75%,6.11%,5.34%,5.96%,-9.74%,-9.62%,-7.11%,3.15%,7.75%,6.04%,177,124,116,106,105,64,120,97,128,113,-45.97%,27.89%,-49.72%,37.67%,-17.30%,17.50%,40.66%,38.16%,-51.23%,-20.09%
2001-12-31,2001-11-30,1.60%,1.92%,1.29%,1.20%,-0.20%,8.09%,6.28%,5.29%,5.81%,7.01%,-2.25%,-1.16%,-0.97%,6.38%,1.71%,6.73%,180,126,118,107,105,69,127,102,136,121,-46.94%,26.51%,-50.85%,36.07%,-15.88%,25.41%,47.72%,46.98%,-52.32%,-21.01%
2002-01-31,2001-12-31,3.58%,3.18%,1.38%,1.22%,4.76%,-1.63%,2.74%,1.18%,1.94%,5.98%,0.41%,7.07%,4.23%,7.49%,-1.25%,5.37%,186,131,120,108,110,68,131,103,138,128,-46.31%,36.13%,-50.64%,45.70%,-16.94%,32.15%,57.50%,57.99%,-52.13%,-15.43%
2002-02-28,2002-01-31,-1.72%,1.29%,2.23%,0.64%,-0.34%,-10.06%,-2.34%,-0.89%,-1.56%,-3.55%,1.53%,6.75%,0.24%,-1.28%,-2.10%,-3.30%,183,132,122,109,110,61,128,102,136,124,-45.57%,44.98%,-49.89%,55.54%,-18.68%,27.78%,55.61%,55.97%,-51.39%,-9.72%
2002-03-31,2002-02-28,1.68%,0.75%,1.52%,1.17%,-2.02%,11.35%,7.61%,7.43%,7.54%,7.86%,-3.91%,-3.47%,-3.32%,6.43%,4.42%,7.47%,186,133,124,110,107,68,138,110,146,134,-47.59%,39.92%,-51.85%,50.14%,-15.09%,37.33%,60.36%,66.00%,-53.30%,-12.85%
2002-04-30,2002-03-31,0.11%,1.74%,2.12%,2.89%,0.83%,-5.93%,0.56%,2.09%,3.03%,0.22%,0.93%,7.17%,1.20%,2.79%,-5.00%,0.64%,186,136,127,113,108,64,138,112,151,134,-47.21%,48.52%,-51.40%,60.91%,-19.33%,38.21%,69.41%,70.64%,-52.86%,-6.60%
2002-05-31,2002-04-30,-0.53%,1.11%,2.08%,2.39%,3.22%,-7.31%,-2.18%,-0.35%,-0.28%,-1.00%,3.25%,5.81%,3.85%,0.54%,-1.20%,-1.20%,185,137,129,116,112,59,135,111,150,133,-45.23%,57.89%,-49.82%,70.25%,-20.30%,36.55%,69.40%,71.56%,-51.33%,-1.18%
2002-06-30,2002-05-31,-4.89%,-0.68%,-0.31%,-1.16%,-2.82%,-11.94%,-5.61%,-3.97%,-3.80%,-7.80%,2.25%,4.75%,-2.06%,-6.00%,-6.92%,-7.43%,176,136,129,115,109,52,128,107,145,122,-44.10%,64.44%,-48.69%,78.34%,-25.82%,26.41%,68.54%,61.26%,-50.23%,0.00%
2002-07-31,2002-06-30,0.53%,-0.65%,-0.32%,1.74%,4.71%,-15.61%,-12.37%,-10.39%,-8.61%,-10.76%,4.93%,5.24%,6.32%,-8.57%,-7.99%,-10.14%,177,135,129,117,114,44,112,96,132,109,-41.76%,72.41%,-46.16%,87.69%,-31.75%,13.59%,64.92%,47.44%,-47.78%,0.00%
2002-08-31,2002-07-31,1.31%,0.20%,1.67%,1.41%,2.87%,-1.64%,-0.06%,1.26%,0.52%,1.44%,1.17%,2.68%,3.04%,2.24%,0.64%,1.44%,179,135,131,118,117,43,112,97,133,111,-40.85%,77.72%,-45.53%,92.71%,-31.31%,15.23%,66.25%,50.75%,-47.17%,0.00%
2002-09-30,2002-08-31,1.26%,0.54%,0.82%,1.76%,2.02%,-13.23%,-8.52%,-6.97%,-4.90%,-8.75%,1.10%,4.63%,2.39%,-7.06%,-10.13%,-8.45%,182,136,132,120,119,38,102,90,126,101,-40.40%,85.67%,-44.94%,101.6%,-38.27%,5.48%,69.03%,40.10%,-46.59%,0.00%
2002-10-31,2002-09-30,0.63%,-0.87%,-0.65%,-2.06%,-5.17%,10.54%,3.96%,2.74%,1.76%,3.00%,-6.18%,-8.54%,-7.17%,-0.30%,7.77%,2.26%,183,135,131,118,113,42,106,93,129,104,-43.85%,71.66%,-48.34%,84.43%,-33.47%,7.86%,59.71%,39.68%,-49.89%,-8.54%
2002-11-30,2002-10-31,2.58%,-0.41%,0.31%,-0.86%,2.43%,20.50%,10.80%,9.59%,8.38%,14.90%,-0.05%,-5.46%,2.57%,13.30%,6.03%,14.94%,188,134,131,117,116,50,118,102,139,119,-43.93%,62.04%,-48.37%,74.37%,-29.46%,23.98%,73.95%,58.26%,-49.92%,-13.53%
2002-12-31,2002-11-30,0.47%,2.03%,2.52%,2.77%,2.37%,-10.57%,-4.13%,-2.39%,-1.94%,-4.98%,1.44%,5.25%,2.94%,-2.95%,-5.58%,-4.52%,188,137,135,120,119,45,113,99,137,113,-42.86%,71.09%,-47.62%,83.52%,-33.40%,18.37%,75.80%,53.60%,-49.19%,-8.99%
2003-01-31,2002-12-31,1.62%,0.22%,-0.13%,2.18%,4.64%,-0.60%,-1.96%,-0.98%,0.84%,3.81%,2.63%,3.98%,4.93%,4.52%,-2.56%,3.32%,191,138,134,123,124,45,111,98,138,118,-41.14%,78.63%,-46.24%,90.82%,-35.11%,22.31%,86.14%,60.53%,-47.86%,-5.37%
2003-02-28,2003-01-31,-0.00%,-0.95%,0.11%,0.93%,0.41%,-3.32%,-3.78%,-2.28%,-0.84%,-2.15%,0.79%,1.50%,0.81%,-1.59%,-1.81%,-2.04%,191,136,135,124,125,43,107,96,137,115,-40.90%,80.71%,-45.82%,93.69%,-36.28%,19.81%,85.71%,57.98%,-47.45%,-3.94%
2003-03-31,2003-02-28,-0.73%,0.53%,1.04%,0.16%,-0.60%,0.86%,1.23%,1.93%,1.29%,1.78%,-0.58%,0.29%,-0.99%,1.49%,1.22%,1.41%,190,137,136,124,124,44,108,98,138,117,-40.82%,82.37%,-46.13%,94.25%,-35.50%,21.50%,86.06%,60.35%,-47.75%,-3.67%
2003-04-30,2003-03-31,-0.25%,0.30%,-0.41%,0.83%,-1.55%,14.75%,10.23%,7.53%,8.00%,9.50%,-0.98%,-5.03%,-1.42%,8.10%,8.22%,9.61%,190,137,135,125,122,50,119,105,150,128,-41.59%,72.81%,-46.66%,84.47%,-30.20%,33.18%,88.65%,73.34%,-48.27%,-8.52%
2003-05-31,2003-04-30,0.58%,2.20%,2.57%,1.71%,4.65%,17.43%,14.07%,11.96%,10.54%,16.63%,2.79%,-2.68%,4.41%,14.27%,6.23%,15.07%,191,140,139,127,128,59,136,118,165,150,-39.21%,71.42%,-45.18%,79.52%,-25.85%,53.26%,105.3%,98.08%,-46.82%,-10.97%
2003-06-30,2003-05-31,0.50%,1.48%,1.41%,1.97%,4.04%,4.76%,4.70%,4.37%,4.43%,8.26%,3.07%,2.53%,4.83%,8.66%,1.49%,7.90%,192,142,141,130,133,61,142,123,173,162,-37.06%,77.43%,-43.49%,84.06%,-24.75%,65.37%,118.5%,115.2%,-45.19%,-8.72%
2003-07-31,2003-06-30,0.53%,1.31%,1.24%,2.07%,0.52%,7.68%,6.75%,6.78%,6.96%,7.78%,0.07%,0.06%,0.70%,7.64%,2.46%,7.62%,193,144,143,132,134,66,152,131,185,175,-37.06%,77.61%,-43.45%,84.18%,-22.90%,77.97%,129.8%,131.7%,-45.15%,-8.66%
2003-08-31,2003-07-31,1.33%,-0.25%,0.14%,-0.18%,0.15%,6.89%,4.19%,4.01%,3.56%,5.77%,-1.48%,-1.80%,-0.51%,4.58%,2.35%,5.12%,195,144,143,132,134,71,158,137,191,185,-37.80%,75.62%,-44.29%,80.88%,-21.08%,87.08%,136.1%,142.3%,-45.96%,-10.30%
2003-09-30,2003-08-31,2.03%,1.27%,1.64%,2.09%,4.36%,2.39%,1.27%,1.92%,2.02%,4.38%,1.88%,1.36%,4.54%,4.31%,-1.08%,3.90%,199,146,145,135,140,72,160,139,195,193,-36.36%,79.11%,-43.24%,83.33%,-21.93%,94.38%,147.9%,152.7%,-44.95%,-9.08%
2003-10-31,2003-09-30,3.99%,1.27%,1.23%,0.11%,-0.59%,11.02%,7.77%,7.12%,6.56%,8.84%,-5.49%,-2.93%,-2.67%,7.12%,6.06%,8.00%,207,148,147,135,139,80,172,149,208,210,-39.27%,75.20%,-46.36%,77.95%,-17.21%,109.9%,152.7%,170.7%,-47.97%,-11.75%
2003-11-30,2003-10-31,0.46%,0.82%,1.35%,1.24%,0.73%,3.20%,3.76%,4.37%,4.09%,4.03%,0.35%,1.54%,0.83%,4.75%,1.47%,4.29%,208,149,149,137,140,83,179,156,216,219,-39.11%,76.66%,-46.17%,80.69%,-15.99%,118.9%,159.8%,183.6%,-47.79%,-10.39%
2003-12-31,2003-11-30,-6.32%,-0.27%,1.41%,1.04%,1.84%,1.87%,3.76%,4.23%,3.63%,4.43%,7.71%,2.39%,3.79%,4.88%,4.39%,4.17%,195,148,151,138,142,84,186,162,224,228,-34.15%,81.19%,-42.02%,85.01%,-12.30%,128.0%,159.3%,197.4%,-43.76%,-8.25%
2004-01-31,2003-12-31,5.55%,1.63%,0.72%,2.15%,5.10%,9.10%,6.12%,4.65%,5.74%,9.85%,-0.95%,0.29%,4.64%,9.78%,2.25%,9.69%,206,151,152,141,150,92,197,170,237,251,-34.44%,82.54%,-42.57%,85.55%,-10.33%,150.2%,178.6%,226.5%,-44.29%,-7.98%
2004-02-29,2004-01-31,-2.11%,0.65%,1.15%,1.33%,0.34%,-0.66%,1.57%,1.82%,1.91%,1.28%,2.26%,1.36%,1.02%,1.33%,1.48%,0.92%,201,152,154,143,150,92,200,173,242,254,-32.84%,86.09%,-41.27%,88.07%,-9.00%,152.5%,177.0%,230.8%,-43.03%,-6.73%
2004-03-31,2004-02-29,-1.34%,-0.28%,0.44%,0.48%,0.37%,-0.67%,0.04%,0.63%,0.81%,1.54%,2.25%,3.05%,1.33%,2.84%,-1.09%,1.93%,199,151,155,144,151,91,200,174,244,258,-31.69%,90.20%,-39.95%,93.80%,-9.99%,157.3%,185.4%,240.2%,-41.75%,-3.89%
2004-04-30,2004-03-31,-7.68%,-0.37%,0.68%,1.27%,4.01%,-8.09%,-3.72%,-2.58%,-2.07%,-0.44%,11.01%,7.13%,6.53%,1.26%,-2.03%,-0.87%,183,151,156,145,157,84,193,170,239,257,-23.71%,104.7%,-33.34%,107.6%,-11.82%,155.1%,188.7%,244.5%,-35.34%,0.00%
2004-05-31,2004-04-30,0.92%,-0.48%,-0.30%,-0.53%,-2.19%,0.77%,0.07%,0.35%,0.29%,-0.94%,-3.08%,-1.60%,-3.10%,-1.32%,1.34%,-0.84%,185,150,155,145,153,84,193,170,239,254,-26.08%,101.2%,-35.39%,104.3%,-10.65%,152.9%,182.4%,240.0%,-37.34%,-1.60%
2004-06-30,2004-05-31,-0.13%,-0.31%,0.03%,-1.04%,-3.06%,3.62%,3.23%,3.05%,2.26%,1.23%,-2.66%,-1.88%,-3.60%,0.96%,1.96%,1.53%,185,150,155,143,149,87,199,175,245,257,-28.25%,96.44%,-37.11%,100.5%,-8.89%,156.8%,181.1%,243.3%,-39.00%,-3.45%
2004-07-31,2004-06-30,-7.25%,-1.70%,-0.76%,0.21%,1.81%,-11.38%,-6.05%,-4.38%,-3.83%,-5.02%,8.93%,6.14%,4.46%,-3.13%,-3.87%,-4.97%,171,147,154,144,151,77,187,168,235,244,-21.75%,108.9%,-31.50%,112.8%,-12.42%,144.0%,178.0%,232.5%,-33.55%,0.00%
2004-08-31,2004-07-31,-2.64%,-0.07%,0.66%,0.32%,-1.13%,-2.92%,-0.35%,-0.01%,-0.11%,-2.31%,1.88%,0.83%,-0.08%,-1.64%,0.29%,-1.89%,167,147,155,144,150,75,186,168,235,239,-20.57%,110.2%,-30.21%,114.5%,-12.16%,139.4%,172.0%,227.0%,-32.30%,0.00%
2004-09-30,2004-08-31,2.80%,1.12%,0.67%,-0.14%,-1.52%,5.41%,4.29%,3.79%,3.20%,3.33%,-4.81%,-2.13%,-3.14%,2.64%,1.66%,3.28%,172,149,156,144,147,79,194,174,243,247,-24.00%,105.8%,-33.56%,110.0%,-10.70%,147.3%,176.4%,235.7%,-35.56%,-2.13%
2004-10-31,2004-09-30,-0.27%,0.04%,0.60%,0.60%,-0.05%,1.95%,1.72%,1.49%,2.03%,1.91%,0.22%,0.07%,-0.04%,1.89%,1.55%,1.87%,171,149,157,145,147,81,198,177,247,251,-23.83%,105.7%,-33.41%,110.1%,-9.32%,151.9%,177.3%,242.0%,-35.41%,-2.06%
2004-11-30,2004-10-31,1.90%,1.50%,0.31%,0.37%,-1.09%,10.88%,9.33%,6.73%,7.52%,8.25%,-3.28%,-2.17%,-2.08%,7.92%,4.65%,8.57%,174,151,157,145,146,89,216,188,266,272,-26.11%,100.3%,-35.60%,105.6%,-5.10%,173.4%,188.1%,269.1%,-37.53%,-4.18%
2004-12-31,2004-11-30,1.82%,1.14%,1.36%,1.94%,3.34%,7.33%,4.51%,5.15%,5.23%,8.21%,1.28%,1.49%,3.45%,9.01%,3.62%,8.56%,178,153,160,148,151,96,226,198,280,295,-24.99%,102.1%,-34.77%,108.6%,-1.67%,196.8%,202.3%,302.3%,-36.73%,-2.75%
2005-01-31,2004-12-31,-1.74%,-0.28%,0.24%,0.76%,2.16%,-7.16%,-3.51%,-2.87%,-1.96%,-2.21%,3.59%,4.31%,2.94%,-1.38%,-2.69%,-2.68%,174,152,160,149,154,89,218,193,274,288,-22.06%,112.1%,-32.43%,117.6%,-4.31%,188.9%,202.4%,296.8%,-34.46%,0.00%
2005-02-28,2005-01-31,-1.40%,-0.02%,-0.60%,0.12%,-0.32%,-0.40%,1.37%,1.41%,1.63%,1.31%,0.74%,1.69%,-0.23%,1.81%,2.06%,1.30%,172,152,159,149,153,89,221,195,279,292,-21.21%,115.7%,-31.93%,121.3%,-2.34%,192.7%,200.1%,304.0%,-33.97%,0.00%
2005-03-31,2005-02-28,-1.22%,-0.92%,-0.75%,-0.10%,-0.08%,-4.54%,-2.98%,-2.57%,-1.70%,-2.35%,1.33%,2.19%,0.40%,-1.63%,-1.73%,-2.29%,170,151,158,149,153,85,214,190,274,285,-20.31%,120.5%,-31.02%,126.1%,-4.03%,186.0%,198.4%,297.4%,-33.09%,0.00%
2005-04-30,2005-03-31,-1.06%,0.39%,0.45%,0.30%,0.76%,-8.01%,-4.69%,-4.18%,-4.34%,-5.45%,2.30%,2.43%,1.81%,-4.63%,-2.23%,-5.36%,168,151,159,150,154,78,204,182,262,269,-18.86%,126.1%,-29.44%,131.6%,-6.17%,170.6%,189.1%,278.9%,-31.56%,0.00%
2005-05-31,2005-04-30,0.10%,-0.84%,-0.89%,-0.80%,-3.83%,7.80%,4.77%,4.60%,4.44%,2.91%,-3.63%,-4.01%,-4.73%,2.07%,3.88%,3.27%,168,150,157,148,148,84,214,191,274,277,-22.05%,115.1%,-32.00%,122.3%,-2.53%,179.5%,187.3%,286.8%,-34.04%,-4.01%
2005-06-30,2005-05-31,0.08%,0.35%,0.18%,-0.43%,-0.75%,3.52%,3.69%,3.48%,2.96%,3.72%,-1.04%,0.23%,-1.29%,3.64%,0.85%,3.57%,168,151,157,148,147,87,222,197,282,288,-22.70%,115.5%,-32.70%,122.8%,-1.70%,189.5%,195.1%,300.8%,-34.73%,-3.80%
2005-07-31,2005-06-30,0.19%,0.77%,0.38%,-0.03%,-1.65%,8.20%,6.62%,6.22%,5.84%,5.88%,-1.94%,-1.86%,-2.30%,5.42%,4.20%,5.98%,169,152,158,148,145,94,237,210,298,305,-24.12%,110.5%,-34.01%,118.7%,2.43%,206.8%,200.4%,322.6%,-35.99%,-5.59%
2005-08-31,2005-07-31,0.14%,0.15%,-0.37%,0.70%,1.21%,-1.94%,-1.18%,-1.57%,-0.82%,-0.83%,0.48%,0.21%,1.04%,-1.12%,-1.01%,-1.18%,169,152,157,149,147,92,234,206,296,302,-23.31%,112.8%,-33.69%,119.1%,1.39%,203.1%,199.9%,317.8%,-35.68%,-5.39%
2005-09-30,2005-08-31,0.82%,0.69%,0.79%,0.17%,2.22%,0.31%,0.82%,0.55%,-0.18%,1.80%,1.18%,1.10%,2.37%,1.75%,0.77%,1.42%,170,153,159,149,150,93,236,207,296,307,-22.24%,116.0%,-32.91%,121.5%,2.17%,207.4%,201.8%,325.2%,-34.92%,-4.35%
2005-10-31,2005-09-30,-0.43%,-0.26%,-1.38%,-1.25%,-0.83%,-3.37%,-2.57%,-3.66%,-3.37%,-3.08%,-0.54%,-0.21%,-1.30%,-3.66%,-1.76%,-3.60%,170,153,156,147,149,89,230,200,286,298,-22.54%,116.6%,-33.27%,121.1%,0.37%,196.4%,196.3%,309.6%,-35.28%,-4.55%
2005-11-30,2005-10-31,-0.78%,0.30%,-0.17%,-0.72%,-1.74%,4.28%,4.61%,3.89%,3.02%,2.39%,-1.26%,-1.78%,-2.25%,1.96%,3.93%,2.49%,168,153,156,146,146,93,240,208,294,305,-23.29%,112.5%,-34.11%,117.1%,4.31%,203.8%,192.0%,317.6%,-36.09%,-6.25%
2005-12-31,2005-11-30,1.13%,0.06%,0.86%,0.84%,2.19%,0.62%,-0.27%,0.74%,0.53%,2.27%,0.78%,1.13%,1.93%,1.92%,0.04%,1.58%,170,153,158,147,149,94,240,209,296,312,-22.47%,116.0%,-33.60%,119.6%,4.35%,208.6%,196.5%,325.6%,-35.59%,-5.19%
2006-01-31,2005-12-31,0.71%,-1.15%,-0.57%,-1.16%,-2.25%,10.53%,7.36%,7.46%,6.44%,6.78%,-2.96%,-3.21%,-3.32%,5.98%,3.44%,6.94%,171,151,157,146,146,104,257,225,315,333,-24.77%,107.9%,-35.56%,112.5%,7.93%,230.0%,206.9%,351.1%,-37.50%,-8.23%
2006-02-28,2006-01-31,-0.55%,0.79%,0.64%,0.58%,1.43%,-0.84%,0.69%,0.32%,0.70%,1.72%,1.57%,2.18%,1.80%,2.28%,0.09%,1.63%,170,153,158,146,148,103,259,225,317,339,-23.28%,113.3%,-34.55%,117.2%,8.03%,235.4%,211.6%,361.4%,-36.52%,-6.24%
2006-03-31,2006-02-28,-1.12%,-0.97%,-0.77%,-0.98%,-0.40%,4.74%,3.90%,3.61%,3.54%,5.36%,0.72%,1.23%,-0.33%,6.05%,1.90%,5.69%,169,151,156,145,147,108,269,234,328,357,-22.72%,114.6%,-34.08%,119.8%,10.08%,254.4%,223.5%,389.3%,-36.06%,-5.09%
2006-04-30,2006-03-31,0.35%,-0.25%,0.09%,-0.17%,-0.01%,0.33%,0.15%,1.08%,0.09%,1.16%,-0.61%,0.63%,-0.33%,1.25%,0.99%,1.06%,169,151,157,145,147,108,269,236,328,361,-23.00%,116.4%,-34.49%,121.2%,11.17%,258.2%,223.7%,395.4%,-36.45%,-4.48%
2006-05-31,2006-04-30,-0.18%,0.07%,-0.67%,0.10%,-1.82%,-6.49%,-4.46%,-4.47%,-3.47%,-4.56%,-1.73%,1.06%,-2.35%,-4.68%,-3.11%,-5.00%,169,151,156,145,145,101,257,226,317,345,-24.26%,120.6%,-35.62%,123.6%,7.72%,240.3%,217.5%,372.2%,-37.56%,-3.47%
2006-06-30,2006-05-31,-0.18%,0.48%,-0.30%,-0.78%,-1.40%,-0.23%,0.32%,-0.50%,-0.76%,-1.70%,-1.21%,-1.34%,-1.78%,-2.02%,0.19%,-1.62%,169,152,155,144,143,101,258,224,315,339,-25.19%,117.3%,-36.40%,120.6%,7.92%,234.8%,211.8%,362.7%,-38.31%,-4.76%
2006-07-31,2006-06-30,-0.50%,-0.10%,-0.24%,-0.23%,-0.86%,-5.52%,-3.36%,-2.73%,-1.96%,-2.30%,-0.31%,2.97%,-0.98%,-1.48%,-0.28%,-2.37%,168,151,155,143,141,95,250,218,309,331,-25.45%,124.3%,-36.60%,127.1%,7.63%,226.8%,205.3%,355.8%,-38.51%,-1.93%
2006-08-31,2006-07-31,-1.03%,-0.28%,0.37%,-0.27%,-2.77%,2.23%,3.04%,2.72%,2.51%,0.92%,-1.56%,-1.15%,-2.67%,1.06%,2.48%,1.40%,166,151,155,143,138,97,257,224,316,334,-26.76%,121.4%,-37.59%,124.5%,10.29%,231.4%,202.0%,360.6%,-39.46%,-3.06%
2006-09-30,2006-08-31,-0.48%,-0.15%,-0.25%,0.03%,-0.20%,0.27%,1.11%,1.09%,1.29%,1.44%,0.15%,1.05%,-0.31%,1.66%,2.24%,1.34%,165,151,155,143,137,98,260,227,320,339,-26.55%,124.0%,-37.49%,126.9%,12.76%,235.8%,199.3%,368.3%,-39.37%,-2.04%
2006-10-31,2006-09-30,0.98%,0.16%,0.11%,-0.42%,-2.19%,6.79%,5.44%,4.74%,3.83%,3.95%,-3.31%,-3.11%,-3.27%,2.75%,3.69%,3.68%,167,151,155,143,134,104,274,237,333,352,-28.88%,117.6%,-39.56%,119.8%,16.92%,248.2%,199.2%,381.1%,-41.38%,-5.08%
2006-11-30,2006-10-31,-0.03%,-0.69%,0.02%,-0.52%,-1.18%,2.56%,2.29%,2.98%,2.28%,2.55%,-0.88%,0.26%,-1.47%,2.63%,2.16%,2.56%,167,150,155,142,133,107,280,244,340,361,-29.70%,117.6%,-40.09%,120.4%,19.44%,257.1%,200.4%,393.8%,-41.89%,-4.83%
2006-12-31,2006-11-30,-0.34%,0.13%,0.15%,-0.05%,-0.31%,0.14%,0.92%,1.89%,1.60%,2.37%,-0.45%,1.85%,-0.54%,2.73%,1.18%,2.17%,166,150,155,142,132,107,283,249,346,370,-29.68%,122.5%,-40.37%,124.5%,20.86%,264.9%,203.4%,407.3%,-42.16%,-3.07%
2007-01-31,2006-12-31,-0.64%,0.38%,0.57%,0.93%,2.09%,1.62%,2.30%,2.05%,2.45%,3.76%,2.36%,1.89%,2.68%,4.27%,2.01%,3.70%,165,151,156,143,135,109,290,254,354,384,-27.75%,127.2%,-38.96%,128.7%,23.28%,278.4%,208.6%,428.9%,-40.79%,-1.24%
2007-02-28,2007-01-31,-0.09%,0.59%,0.19%,1.00%,1.21%,-0.88%,-0.42%,-0.15%,0.34%,1.70%,1.04%,2.56%,1.33%,2.31%,-1.63%,1.54%,165,152,157,144,137,108,288,254,355,390,-26.81%,133.1%,-38.32%,134.6%,21.27%,284.2%,218.3%,441.1%,-40.17%,0.00%
2007-03-31,2007-02-28,-1.90%,-0.75%,-0.29%,0.29%,-0.46%,0.55%,0.44%,0.20%,1.01%,-0.67%,1.57%,-1.00%,0.09%,-0.78%,1.00%,-0.48%,162,151,156,145,136,109,290,254,359,388,-25.75%,130.2%,-37.35%,132.2%,22.49%,282.3%,213.6%,436.9%,-39.24%,-1.00%
2007-04-30,2007-03-31,0.26%,0.44%,0.27%,-0.08%,1.23%,2.18%,2.43%,2.18%,1.86%,2.64%,0.72%,-0.04%,1.27%,2.51%,3.86%,2.52%,162,151,156,145,138,111,297,260,366,398,-25.03%,131.3%,-36.90%,132.1%,27.22%,292.0%,209.4%,450.4%,-38.80%,-1.04%
2007-05-31,2007-04-30,-0.92%,-0.35%,-0.75%,-1.15%,-3.80%,3.29%,3.42%,2.52%,2.17%,0.19%,-2.54%,-2.72%,-4.24%,-0.31%,3.54%,0.50%,161,151,155,143,132,115,307,266,373,399,-27.19%,124.1%,-38.51%,125.8%,31.73%,293.9%,200.0%,448.6%,-40.35%,-3.73%
2007-06-30,2007-05-31,-0.60%,-0.41%,-0.07%,0.30%,1.89%,-1.39%,-1.53%,-1.25%,-1.05%,0.75%,2.15%,1.66%,2.11%,0.68%,-1.77%,0.18%,160,150,155,144,135,113,302,263,370,402,-25.37%,128.9%,-37.18%,129.6%,29.40%,294.7%,205.8%,452.4%,-39.07%,-2.13%
2007-07-31,2007-06-30,-1.51%,0.68%,0.24%,1.60%,4.53%,-7.38%,-5.98%,-6.17%,-4.33%,-2.69%,6.08%,4.28%,6.41%,-1.61%,-3.46%,-2.89%,157,151,156,146,141,105,284,247,354,391,-20.87%,139.7%,-33.36%,139.4%,24.92%,283.3%,207.6%,443.5%,-35.37%,0.00%
2007-08-31,2007-07-31,0.43%,0.47%,-1.01%,-2.82%,-5.63%,0.89%,1.17%,-0.30%,-2.05%,-4.09%,-5.62%,-4.72%,-7.05%,-5.34%,1.50%,-3.92%,158,152,154,142,133,106,287,246,346,375,-25.65%,127.7%,-37.11%,128.1%,26.79%,268.2%,190.9%,414.5%,-39.00%,-4.72%
2007-09-30,2007-08-31,1.03%,0.37%,0.09%,0.76%,-0.97%,2.16%,1.35%,1.52%,2.01%,0.59%,-2.06%,-1.47%,-1.55%,0.26%,3.55%,0.70%,160,152,154,143,132,108,291,250,353,377,-27.14%,124.1%,-38.41%,124.8%,31.30%,270.8%,182.6%,415.8%,-40.26%,-6.12%
2007-10-31,2007-09-30,-0.39%,-0.45%,-0.17%,-0.95%,-1.69%,0.67%,0.78%,1.06%,0.56%,1.26%,-1.31%,1.04%,-2.11%,2.01%,2.05%,1.70%,159,152,154,141,130,109,293,252,355,382,-28.09%,125.5%,-39.22%,127.1%,33.99%,277.1%,181.6%,426.2%,-41.04%,-5.14%
2007-11-30,2007-10-31,-2.25%,-1.30%,-0.03%,-0.86%,-2.42%,-9.98%,-7.77%,-7.30%,-7.17%,-9.06%,0.04%,0.25%,-2.48%,-9.65%,-4.49%,-9.72%,155,150,154,140,127,98,271,234,330,347,-28.21%,127.5%,-39.19%,127.7%,27.97%,240.4%,166.9%,375.4%,-41.02%,-4.91%
2007-12-31,2007-11-30,-0.03%,-1.14%,-0.95%,-0.37%,-1.90%,-1.11%,-1.56%,-1.68%,-1.28%,-2.29%,-1.71%,-1.19%,-2.62%,-2.97%,-0.68%,-2.62%,155,148,152,140,124,97,266,230,326,339,-29.56%,124.9%,-40.23%,124.9%,27.10%,231.5%,161.7%,361.3%,-42.03%,-6.04%
2008-01-31,2007-12-31,0.27%,-0.12%,-0.20%,0.65%,1.86%,-4.57%,-6.06%,-6.09%,-4.03%,-3.79%,3.02%,2.09%,3.49%,-2.69%,-5.98%,-3.31%,156,148,152,141,126,92,250,216,312,326,-28.44%,126.6%,-38.43%,129.6%,19.50%,220.5%,168.7%,348.9%,-40.28%,-4.07%
2008-02-29,2008-01-31,-2.01%,0.01%,1.27%,0.98%,4.35%,-5.60%,-4.06%,-2.15%,-2.24%,0.59%,6.16%,6.08%,6.14%,2.45%,-3.00%,0.63%,153,148,154,142,132,87,240,211,305,328,-23.88%,140.6%,-34.64%,143.6%,15.91%,222.6%,178.4%,359.9%,-36.60%,0.00%
2008-03-31,2008-02-29,-1.53%,-0.56%,-1.04%,-2.42%,-5.15%,-1.93%,-0.75%,-1.94%,-2.42%,-4.88%,-3.14%,-2.48%,-5.83%,-5.36%,-0.63%,-4.62%,150,147,152,139,125,85,238,207,298,312,-26.64%,133.5%,-36.69%,137.6%,15.18%,207.7%,167.3%,335.3%,-38.59%,-2.48%
2008-04-30,2008-03-31,-0.74%,1.07%,-0.30%,-1.36%,-1.72%,2.25%,4.36%,2.70%,1.34%,1.30%,-1.26%,-1.39%,-2.29%,0.53%,4.79%,0.94%,149,149,152,137,123,87,249,213,302,316,-27.36%,131.3%,-37.49%,134.3%,20.70%,210.6%,157.1%,337.6%,-39.37%,-3.83%
2008-05-31,2008-04-30,-1.32%,-0.17%,0.56%,-0.75%,-1.10%,2.59%,3.48%,4.12%,2.84%,3.22%,0.48%,1.37%,-1.04%,3.68%,1.98%,3.27%,147,148,153,136,122,90,257,222,311,327,-27.20%,132.8%,-37.19%,137.5%,23.09%,220.7%,160.4%,353.7%,-39.08%,-2.51%
2008-06-30,2008-05-31,-3.81%,-1.65%,-1.60%,-0.52%,0.71%,-14.44%,-9.87%,-8.60%,-7.47%,-7.14%,4.62%,6.77%,2.29%,-5.25%,-8.40%,-7.29%,142,146,150,135,122,77,232,203,287,303,-23.91%,149.8%,-34.29%,153.6%,12.75%,197.4%,163.3%,329.8%,-36.26%,0.00%
2008-07-31,2008-06-30,-1.09%,-0.32%,-2.15%,-1.31%,-5.32%,3.49%,2.25%,0.01%,0.98%,-1.99%,-3.80%,-4.95%,-6.09%,-3.16%,-0.54%,-1.67%,140,145,147,133,116,79,237,203,290,297,-27.13%,136.1%,-36.79%,141.0%,12.14%,192.4%,160.3%,316.3%,-38.69%,-4.95%
2008-08-31,2008-07-31,-3.58%,-1.91%,-2.18%,-1.20%,-2.73%,2.92%,3.01%,1.78%,3.14%,1.37%,0.52%,-1.82%,-2.69%,0.79%,1.65%,1.33%,135,143,144,132,113,82,244,206,299,301,-26.51%,132.4%,-36.46%,136.6%,14.00%,196.3%,159.5%,319.5%,-38.37%,-6.68%
2008-09-30,2008-08-31,-0.70%,-1.17%,-1.80%,-1.59%,-3.53%,-10.08%,-10.66%,-10.83%,-9.97%,-11.58%,-1.92%,-1.58%,-3.50%,-11.79%,-8.85%,-11.32%,134,141,141,129,109,73,218,184,269,266,-28.59%,128.9%,-37.68%,132.9%,3.91%,162.8%,153.1%,270.1%,-39.55%,-8.15%
2008-10-31,2008-09-30,-2.42%,-2.94%,-3.28%,-0.58%,0.73%,-26.00%,-23.14%,-21.19%,-18.95%,-18.15%,2.54%,6.74%,1.32%,-16.86%,-17.40%,-18.88%,131,137,137,129,110,54,168,145,218,218,-26.34%,146.9%,-36.09%,148.6%,-14.17%,113.1%,149.3%,207.7%,-38.01%,-1.97%
2008-11-30,2008-10-31,-5.31%,-3.61%,-2.59%,-1.82%,-2.11%,-18.58%,-15.31%,-12.87%,-12.60%,-12.31%,4.43%,6.86%,-0.17%,-10.29%,-7.97%,-12.34%,124,132,133,126,107,44,142,126,191,191,-23.98%,162.4%,-33.26%,165.6%,-21.01%,86.84%,138.4%,176.0%,-35.27%,0.00%
2008-12-31,2008-11-30,-1.37%,-0.10%,0.21%,-1.03%,-4.50%,6.07%,4.79%,3.92%,2.54%,-0.18%,-1.92%,-5.42%,-4.67%,-1.51%,2.00%,0.12%,122,132,133,125,102,47,149,131,196,191,-26.36%,146.0%,-34.54%,151.3%,-19.43%,87.05%,133.9%,171.9%,-36.51%,-5.42%
2009-01-31,2008-12-31,1.40%,3.28%,5.32%,8.65%,16.05%,-9.61%,-7.20%,-5.31%,-2.41%,3.69%,14.79%,12.90%,20.23%,7.22%,-8.28%,3.35%,124,136,140,136,119,42,138,124,191,198,-15.58%,178.8%,-24.86%,183.7%,-26.10%,93.32%,161.1%,191.5%,-27.12%,0.00%
2009-02-28,2009-01-31,-4.70%,-1.10%,-1.12%,-1.80%,-0.51%,-17.18%,-13.10%,-11.25%,-11.01%,-8.26%,3.69%,8.09%,0.03%,-7.00%,-10.22%,-9.42%,118,135,139,133,118,35,120,110,170,182,-12.04%,203.6%,-22.09%,206.6%,-33.66%,75.10%,163.2%,171.1%,-24.43%,0.00%
2009-03-31,2009-02-28,2.36%,1.25%,0.66%,0.45%,-0.06%,18.03%,13.48%,10.40%,10.69%,10.92%,-1.82%,-6.57%,-0.14%,9.58%,8.87%,11.55%,121,136,140,134,118,41,136,122,188,201,-14.17%,182.0%,-23.51%,186.4%,-27.77%,95.33%,170.3%,197.1%,-25.81%,-6.57%
2009-04-30,2009-03-31,1.37%,2.36%,2.28%,0.21%,1.24%,34.31%,22.55%,19.37%,16.21%,16.82%,0.88%,-15.72%,0.97%,12.33%,10.45%,17.04%,123,139,143,134,120,56,167,145,219,235,-14.28%,132.7%,-22.84%,141.4%,-20.22%,128.6%,188.1%,233.7%,-25.16%,-21.26%
2009-05-31,2009-04-30,0.14%,1.10%,0.45%,3.75%,5.91%,12.20%,7.96%,6.88%,9.02%,12.25%,4.79%,-0.81%,6.80%,11.57%,5.16%,11.81%,123,141,144,139,127,62,180,155,238,264,-9.34%,132.8%,-19.14%,139.5%,-16.11%,155.6%,207.3%,272.3%,-21.57%,-21.90%
2009-06-30,2009-05-31,2.94%,0.67%,2.21%,2.01%,3.40%,0.94%,1.35%,4.07%,4.08%,6.61%,0.02%,5.21%,3.03%,7.53%,0.39%,5.96%,126,142,147,142,131,63,183,162,248,282,-8.92%,146.0%,-19.13%,151.9%,-15.78%,170.9%,224.4%,300.3%,-21.56%,-17.83%
2009-07-31,2009-06-30,-1.47%,-0.86%,-1.14%,-1.41%,-3.29%,13.55%,10.46%,7.81%,6.93%,4.61%,-1.76%,-8.91%,-3.80%,2.24%,7.78%,4.91%,125,141,145,140,127,72,202,174,265,295,-10.58%,124.0%,-20.56%,129.5%,-9.23%,184.2%,215.1%,309.3%,-22.94%,-25.15%
2009-08-31,2009-07-31,1.20%,0.20%,1.47%,2.31%,6.12%,12.88%,6.21%,4.77%,4.68%,7.16%,3.86%,-6.56%,6.77%,5.11%,3.49%,7.08%,126,141,147,143,135,81,214,183,278,316,-6.18%,111.2%,-17.49%,114.4%,-6.07%,204.3%,226.4%,330.2%,-19.97%,-30.06%
2009-09-30,2009-08-31,0.21%,0.05%,-0.01%,-0.07%,-0.38%,9.73%,7.38%,6.51%,6.12%,6.08%,0.09%,-2.57%,-0.06%,5.80%,4.15%,6.57%,126,141,147,143,134,89,230,195,295,335,-6.73%,103.5%,-17.42%,108.9%,-2.17%,224.3%,234.3%,355.1%,-19.90%,-31.85%
2009-10-31,2009-09-30,-2.31%,-0.25%,-0.29%,0.21%,-1.29%,-10.60%,-6.61%,-5.28%,-4.36%,-4.64%,1.68%,6.23%,-0.44%,-2.75%,-2.59%,-4.62%,123,141,147,144,132,79,215,184,282,319,-5.78%,115.6%,-16.03%,122.0%,-4.71%,209.3%,227.5%,342.6%,-18.56%,-27.61%
2009-11-30,2009-10-31,-2.49%,-1.45%,-1.80%,-2.06%,-5.22%,1.60%,2.76%,2.58%,2.76%,-0.46%,-2.38%,-1.12%,-5.40%,0.03%,5.59%,0.36%,120,139,144,141,125,81,221,189,290,318,-8.35%,111.2%,-18.03%,119.5%,0.62%,210.4%,210.4%,342.7%,-20.50%,-28.42%
2009-12-31,2009-11-30,3.47%,1.00%,0.75%,-0.98%,-2.60%,9.37%,7.13%,7.38%,5.65%,4.32%,-5.90%,-4.16%,-3.99%,3.51%,2.80%,4.76%,124,140,145,139,122,88,237,203,306,332,-13.92%,100.5%,-22.87%,110.3%,3.44%,225.2%,216.4%,358.2%,-25.18%,-31.39%
2010-01-31,2009-12-31,0.20%,0.30%,-0.30%,1.26%,3.45%,0.54%,-1.12%,-2.87%,-0.54%,0.82%,2.08%,-0.80%,3.67%,0.26%,-3.38%,0.50%,125,141,145,141,126,89,234,197,304,334,-11.12%,101.1%,-21.26%,108.7%,-0.05%,226.8%,228.7%,359.4%,-23.63%,-31.95%
2010-02-28,2010-01-31,2.02%,0.86%,0.54%,0.08%,0.14%,5.45%,4.28%,3.48%,3.38%,2.80%,-1.71%,-2.63%,-0.50%,2.01%,3.44%,2.80%,127,142,146,141,127,93,244,204,315,344,-12.79%,95.74%,-22.61%,103.2%,3.38%,235.9%,226.6%,368.7%,-24.93%,-33.74%
2010-03-31,2010-02-28,3.31%,1.53%,0.50%,0.88%,0.82%,11.32%,8.11%,7.09%,7.23%,6.87%,-3.02%,-4.39%,-0.27%,5.74%,6.36%,7.05%,131,144,146,142,128,104,264,219,337,367,-14.96%,87.03%,-24.95%,94.25%,9.96%,259.6%,228.9%,395.6%,-27.20%,-36.64%
2010-04-30,2010-03-31,5.92%,2.47%,0.99%,2.08%,4.87%,11.48%,7.67%,4.93%,6.62%,8.89%,-1.43%,-2.55%,4.12%,8.21%,2.11%,8.97%,139,147,148,145,134,116,284,229,360,400,-15.86%,82.20%,-26.02%,89.30%,12.29%,291.9%,251.4%,436.2%,-28.24%,-38.26%
2010-05-31,2010-04-30,-1.80%,0.19%,0.72%,-0.21%,0.26%,-11.43%,-7.95%,-7.01%,-7.17%,-7.22%,1.69%,3.64%,0.55%,-6.52%,-7.82%,-7.62%,137,148,149,145,134,103,261,213,334,371,-14.13%,89.87%,-24.77%,96.20%,3.50%,262.1%,252.2%,401.3%,-27.03%,-36.01%
2010-06-30,2010-05-31,-3.06%,-1.52%,-0.32%,-0.07%,-1.02%,-11.79%,-8.64%,-6.34%,-5.32%,-5.77%,2.18%,5.95%,-0.24%,-4.06%,-5.53%,-5.84%,133,145,148,145,133,90,239,200,316,350,-12.38%,101.3%,-23.13%,107.9%,-2.22%,240.9%,251.1%,380.9%,-25.44%,-32.20%
2010-07-31,2010-06-30,1.14%,-0.31%,-0.26%,-1.73%,-4.82%,8.09%,7.17%,6.07%,4.98%,2.64%,-5.56%,-5.15%,-6.01%,1.39%,7.01%,2.94%,134,145,148,142,126,98,256,212,332,359,-17.60%,90.33%,-27.41%,97.16%,4.63%,250.9%,236.8%,387.6%,-29.59%,-35.69%
2010-08-31,2010-07-31,-1.47%,-0.43%,1.00%,1.14%,1.98%,-10.15%,-7.86%,-5.97%,-4.90%,-3.98%,3.59%,5.98%,2.80%,-2.58%,-4.66%,-4.38%,132,144,149,144,129,88,236,199,316,345,-14.75%,102.1%,-24.80%,109.0%,-0.25%,235.6%,237.8%,375.0%,-27.06%,-31.85%
2010-09-30,2010-08-31,2.17%,-0.53%,-2.33%,-2.70%,-7.15%,14.10%,11.59%,9.86%,10.00%,7.64%,-9.57%,-5.73%,-10.10%,6.11%,9.41%,7.83%,135,144,146,140,120,100,263,219,347,371,-22.69%,89.03%,-32.00%,96.97%,9.13%,261.8%,232.4%,404.0%,-34.04%,-35.76%
2010-10-31,2010-09-30,1.57%,0.22%,-0.29%,-0.84%,-1.34%,4.82%,4.41%,4.61%,4.02%,4.17%,-2.77%,-0.30%,-2.06%,4.31%,3.89%,4.40%,137,144,146,139,118,105,275,229,361,386,-24.94%,87.79%,-33.88%,96.37%,13.37%,277.7%,234.1%,425.7%,-35.86%,-35.95%
2010-11-30,2010-10-31,-0.84%,-0.54%,-0.70%,-0.99%,-1.64%,1.73%,2.51%,2.33%,1.77%,1.48%,-0.67%,-0.14%,-1.98%,1.38%,0.54%,1.42%,136,143,145,138,116,107,282,234,367,392,-25.54%,87.33%,-34.32%,96.10%,13.98%,283.1%,237.1%,433.0%,-36.29%,-36.04%
2010-12-31,2010-11-30,0.78%,-0.46%,-0.59%,-0.34%,0.47%,12.14%,8.39%,7.48%,6.58%,7.64%,-0.75%,-4.55%,-0.24%,5.91%,6.70%,7.27%,137,143,144,137,117,120,305,252,392,422,-25.78%,78.89%,-34.81%,87.18%,21.62%,311.0%,239.0%,464.5%,-36.77%,-38.95%
2011-01-31,2010-12-31,-0.54%,0.70%,0.57%,1.75%,4.76%,0.39%,0.78%,1.21%,2.32%,5.36%,4.92%,4.96%,5.96%,6.76%,2.06%,5.27%,136,144,145,139,122,120,308,255,401,445,-21.84%,87.79%,-31.60%,96.47%,24.13%,332.6%,249.9%,502.7%,-33.66%,-35.92%
2011-02-28,2011-01-31,-0.87%,1.08%,0.21%,0.33%,-0.81%,3.97%,6.15%,4.44%,4.01%,3.33%,-0.61%,-1.39%,-1.05%,2.88%,3.59%,3.29%,135,145,145,140,121,125,327,266,417,459,-21.79%,86.58%,-32.02%,93.74%,28.59%,346.9%,248.8%,520.0%,-34.06%,-36.81%
2011-03-31,2011-02-28,-0.18%,0.17%,0.23%,-0.30%,-1.51%,0.36%,1.61%,1.53%,1.57%,0.84%,-1.54%,0.53%,-2.14%,1.04%,0.49%,0.88%,135,145,145,140,119,126,332,270,423,463,-22.84%,87.49%,-33.06%,94.78%,29.21%,350.8%,250.2%,526.4%,-35.07%,-36.47%
2011-04-30,2011-03-31,-0.91%,-0.22%,-0.18%,-0.96%,-2.77%,0.27%,2.14%,2.54%,2.08%,0.48%,-2.18%,-0.21%,-3.42%,0.39%,2.97%,0.45%,134,145,145,138,116,126,339,277,432,465,-24.27%,87.86%,-34.52%,94.37%,33.04%,352.9%,241.4%,528.9%,-36.49%,-36.60%
2011-05-31,2011-04-30,-1.14%,-0.53%,0.48%,-0.39%,-0.69%,-3.90%,-2.25%,-0.99%,-1.42%,-1.34%,0.37%,2.27%,-0.62%,-0.85%,-1.22%,-1.53%,132,144,146,138,115,121,331,274,426,459,-23.93%,92.68%,-34.28%,98.78%,31.42%,345.9%,240.4%,523.6%,-36.25%,-35.17%
2011-06-30,2011-05-31,-1.33%,0.20%,0.07%,-0.42%,-0.10%,-3.45%,-2.10%,-2.59%,-2.55%,-2.12%,0.96%,1.17%,0.07%,-2.00%,-1.74%,-2.35%,130,145,146,137,115,117,324,267,415,450,-23.00%,95.25%,-33.65%,101.1%,29.14%,335.5%,238.3%,511.1%,-35.64%,-34.41%
2011-07-31,2011-06-30,0.16%,0.11%,0.17%,1.03%,1.89%,-3.69%,-3.17%,-3.30%,-1.91%,-0.40%,2.15%,3.64%,2.63%,0.81%,-2.26%,-0.28%,131,145,146,138,117,113,314,258,407,448,-21.66%,101.7%,-32.22%,108.4%,26.21%,334.2%,245.0%,516.0%,-34.26%,-32.02%
2011-08-31,2011-07-31,-3.07%,-0.86%,-0.08%,-0.21%,-0.83%,-12.56%,-9.40%,-8.35%,-7.72%,-7.80%,2.04%,4.18%,-0.12%,-6.61%,-5.89%,-7.86%,127,143,146,138,116,98,285,237,376,413,-19.91%,111.3%,-30.83%,117.2%,18.78%,300.1%,238.2%,475.3%,-32.91%,-29.17%
2011-09-30,2011-08-31,-4.17%,-1.34%,-0.70%,-0.67%,0.47%,-14.47%,-11.05%,-9.92%,-9.32%,-8.89%,3.93%,4.24%,1.32%,-8.35%,-7.63%,-9.63%,121,142,145,137,117,84,253,213,341,376,-16.19%,123.1%,-28.12%,126.4%,9.72%,261.6%,231.4%,427.3%,-30.28%,-26.17%
2011-10-31,2011-09-30,2.68%,-0.19%,-1.62%,-2.79%,-7.86%,18.06%,14.75%,11.58%,9.66%,7.19%,-9.36%,-9.02%,-10.05%,5.37%,11.39%,8.07%,124,141,142,133,108,99,291,238,374,403,-25.02%,98.81%,-34.84%,105.9%,22.21%,290.8%,220.4%,455.6%,-36.80%,-32.83%
2011-11-30,2011-10-31,-1.91%,0.25%,-0.07%,-0.04%,-1.20%,-3.05%,-1.09%,-1.26%,-1.27%,-3.03%,0.78%,0.18%,-0.86%,-2.83%,-0.35%,-2.88%,122,142,142,133,106,96,287,235,369,391,-24.48%,98.86%,-34.34%,106.3%,21.79%,279.5%,212.3%,439.9%,-36.31%,-32.70%
2011-12-31,2011-11-30,-1.07%,0.23%,0.55%,0.64%,-0.05%,-0.34%,0.64%,0.76%,0.78%,-0.76%,0.76%,-0.94%,-0.01%,-1.30%,0.85%,-1.02%,121,142,143,134,106,96,289,237,372,388,-23.72%,98.02%,-33.84%,104.4%,22.82%,275.6%,206.5%,432.9%,-35.82%,-33.33%
2012-01-31,2011-12-31,3.19%,0.16%,-0.06%,-0.11%,0.52%,12.20%,8.68%,7.49%,7.11%,10.37%,-3.07%,-1.94%,-0.64%,9.47%,5.09%,10.05%,125,142,143,134,107,108,314,255,398,428,-25.76%,94.39%,-35.87%,100.4%,29.08%,313.4%,221.7%,483.3%,-37.80%,-34.63%
2012-02-29,2012-01-31,0.58%,0.51%,-0.36%,0.64%,1.58%,4.16%,3.68%,3.02%,3.48%,4.87%,0.56%,0.29%,1.39%,4.55%,4.25%,4.47%,125,143,143,135,109,112,326,262,412,449,-25.01%,95.77%,-35.51%,101.0%,34.56%,331.9%,222.4%,509.9%,-37.45%,-34.44%
2012-03-31,2012-02-29,-0.05%,1.04%,0.56%,0.26%,1.09%,3.00%,3.86%,3.09%,2.35%,3.98%,0.52%,0.61%,0.72%,4.00%,3.15%,3.82%,125,144,143,135,110,116,338,270,422,467,-24.16%,97.68%,-35.17%,102.2%,38.79%,348.4%,224.5%,534.3%,-37.12%,-34.04%
2012-04-30,2012-03-31,0.72%,0.82%,1.02%,1.14%,0.72%,-1.65%,-1.26%,-0.73%,-0.13%,-1.57%,0.50%,0.80%,1.05%,-0.85%,-0.69%,-1.09%,126,146,145,137,111,114,334,268,421,459,-24.16%,97.83%,-34.85%,103.9%,37.83%,343.5%,223.3%,528.9%,-36.81%,-33.51%
2012-05-31,2012-04-30,-0.40%,-0.04%,0.46%,1.02%,2.38%,-9.99%,-7.29%,-5.95%,-5.40%,-5.82%,3.06%,3.24%,3.13%,-5.57%,-6.09%,-6.54%,126,146,145,138,113,102,310,252,398,433,-22.05%,106.1%,-32.86%,110.5%,29.44%,314.5%,221.8%,493.9%,-34.88%,-31.35%
2012-06-30,2012-05-31,-0.30%,-0.66%,-0.40%,-0.11%,-1.72%,5.35%,3.99%,3.95%,3.77%,2.89%,-1.62%,-2.13%,-2.41%,2.30%,3.98%,2.94%,125,145,145,138,111,108,322,262,413,445,-23.16%,101.0%,-33.95%,106.0%,34.60%,326.6%,218.4%,507.5%,-35.93%,-32.81%
2012-07-31,2012-06-30,0.88%,0.78%,0.82%,0.60%,0.80%,-1.13%,-0.87%,-0.76%,-0.79%,-0.96%,0.03%,-0.19%,0.87%,-1.00%,0.87%,-0.94%,126,146,146,139,112,107,319,260,410,441,-23.23%,101.4%,-33.93%,105.6%,35.77%,322.6%,212.6%,501.4%,-35.91%,-32.94%
2012-08-31,2012-07-31,-0.14%,-0.17%,-1.15%,-0.21%,-2.05%,5.09%,3.61%,1.54%,2.62%,1.45%,-2.02%,-3.66%,-2.83%,0.18%,2.50%,1.28%,126,145,144,139,110,112,331,264,421,447,-24.69%,94.05%,-35.26%,98.07%,39.17%,328.0%,208.8%,502.5%,-37.21%,-35.40%
2012-09-30,2012-08-31,-0.46%,-0.04%,0.13%,0.36%,-0.20%,4.33%,3.78%,3.39%,3.32%,4.39%,0.47%,0.32%,0.07%,4.49%,2.56%,4.39%,126,145,145,139,110,117,343,273,435,467,-24.50%,94.16%,-34.96%,98.69%,42.73%,346.8%,214.5%,529.6%,-36.91%,-35.19%
2012-10-31,2012-09-30,-2.32%,-0.91%,-0.12%,0.79%,0.07%,-2.97%,-2.31%,-1.68%,-0.84%,-1.51%,2.76%,1.22%,1.02%,-1.45%,-1.70%,-1.82%,123,144,144,140,110,113,336,269,431,460,-22.69%,97.01%,-33.16%,101.1%,40.30%,338.7%,214.1%,520.4%,-35.17%,-34.41%
2012-11-30,2012-10-31,0.42%,-0.11%,-1.21%,-0.78%,-1.98%,1.56%,0.84%,-0.32%,0.14%,-0.64%,-2.47%,-2.17%,-2.98%,-1.34%,0.66%,-0.69%,123,144,143,139,108,115,338,268,432,457,-24.55%,92.68%,-34.81%,96.74%,41.23%,335.7%,209.9%,512.1%,-36.77%,-35.83%
2012-12-31,2012-11-30,-2.34%,-0.01%,-0.14%,-0.51%,-2.43%,3.74%,3.77%,2.42%,2.21%,1.18%,-0.37%,-2.52%,-2.45%,0.63%,1.26%,1.39%,120,144,142,138,105,119,351,274,441,462,-24.61%,87.73%,-35.05%,91.78%,43.01%,341.7%,210.3%,516.0%,-37.00%,-37.45%
2013-01-31,2012-12-31,-0.47%,0.65%,1.01%,0.80%,2.79%,7.31%,6.80%,6.69%,6.03%,9.37%,2.43%,1.84%,3.02%,9.67%,5.53%,9.12%,120,145,144,140,108,128,375,293,468,506,-22.16%,91.60%,-33.47%,95.30%,50.91%,382.0%,221.4%,575.5%,-35.47%,-36.30%
2013-02-28,2013-01-31,-0.40%,0.20%,-0.14%,0.62%,-0.15%,0.41%,1.34%,1.38%,1.62%,1.23%,0.36%,1.10%,-0.01%,1.69%,1.30%,1.36%,119,145,144,140,108,129,380,297,476,512,-21.96%,93.17%,-33.23%,97.45%,52.87%,388.6%,221.6%,587.0%,-35.24%,-35.60%
2013-03-31,2013-02-28,0.70%,0.22%,-0.16%,0.53%,-1.29%,5.53%,4.69%,4.00%,4.51%,3.90%,-2.06%,-1.16%,-2.07%,3.68%,4.00%,4.03%,120,145,143,141,106,136,398,309,497,532,-23.52%,90.02%,-34.61%,95.17%,58.98%,408.3%,221.7%,612.3%,-36.57%,-36.34%
2013-04-30,2013-03-31,-0.47%,-0.17%,0.31%,0.77%,-0.83%,-0.33%,0.22%,0.54%,0.63%,-0.90%,-0.48%,-0.77%,-0.81%,-0.94%,1.68%,-0.71%,120,145,144,142,105,135,399,310,500,527,-23.79%,88.92%,-34.92%,93.66%,61.64%,404.7%,214.0%,605.6%,-36.88%,-36.84%
2013-05-31,2013-04-30,-0.20%,-0.72%,-1.24%,-1.35%,1.13%,6.26%,4.19%,2.94%,2.58%,6.00%,0.77%,-0.83%,0.99%,5.20%,2.46%,5.45%,119,144,142,140,107,144,415,319,513,559,-22.78%,88.42%,-34.42%,92.06%,65.62%,432.1%,223.4%,642.2%,-36.39%,-37.36%
2013-06-30,2013-05-31,-0.43%,0.50%,0.53%,0.27%,0.06%,-0.94%,-0.02%,0.43%,0.07%,-0.59%,-0.03%,-0.16%,-0.31%,-1.06%,-1.25%,-1.01%,119,145,143,141,107,142,415,321,513,555,-22.40%,89.07%,-34.44%,91.75%,63.55%,426.7%,224.2%,634.4%,-36.41%,-37.46%
2013-07-31,2013-06-30,1.36%,-0.06%,0.44%,-0.25%,-0.96%,8.70%,7.44%,6.47%,6.21%,6.89%,-2.48%,-1.59%,-1.55%,6.80%,5.46%,7.28%,120,145,143,140,106,155,446,342,545,594,-24.20%,85.64%,-36.07%,88.69%,72.47%,465.1%,230.1%,684.3%,-37.99%,-38.46%
2013-08-31,2013-07-31,1.43%,0.02%,-0.38%,-0.05%,2.40%,-2.85%,-3.11%,-2.89%,-2.61%,-0.12%,0.31%,2.13%,1.87%,-0.10%,-2.84%,-0.74%,122,145,143,140,108,150,432,332,531,593,-23.46%,90.72%,-35.87%,92.70%,67.57%,460.9%,237.0%,683.5%,-37.79%,-37.15%
2013-09-30,2013-08-31,1.56%,1.45%,0.46%,-0.23%,-0.76%,6.43%,6.51%,6.08%,4.75%,4.66%,-2.98%,-1.77%,-1.55%,4.62%,3.76%,5.15%,124,147,144,140,107,160,460,352,556,621,-25.24%,87.35%,-37.78%,89.29%,73.87%,489.8%,241.7%,719.7%,-39.65%,-38.26%
2013-10-31,2013-09-30,-2.64%,-0.01%,-0.53%,-0.52%,-0.80%,1.60%,3.67%,2.76%,2.74%,2.90%,1.37%,1.06%,-0.62%,3.03%,4.19%,2.71%,121,147,143,139,107,163,477,362,571,639,-23.86%,89.77%,-36.93%,91.29%,81.16%,505.8%,236.7%,744.5%,-38.82%,-37.61%
2013-11-30,2013-10-31,-0.19%,-0.01%,0.14%,-0.30%,0.02%,4.17%,4.28%,3.74%,3.71%,3.76%,0.50%,0.24%,0.27%,4.18%,2.86%,4.11%,121,147,143,139,107,169,498,375,593,663,-23.70%,88.99%,-36.61%,91.75%,86.34%,530.7%,240.9%,779.9%,-38.52%,-37.46%
2013-12-31,2013-11-30,0.52%,-0.57%,-0.17%,-0.29%,-0.16%,3.80%,1.97%,2.50%,2.37%,2.97%,-0.48%,-0.19%,-0.42%,3.11%,2.61%,3.16%,121,146,143,138,106,176,508,384,607,682,-24.23%,87.42%,-36.92%,91.40%,91.20%,550.7%,242.8%,807.2%,-38.81%,-37.57%
2014-01-31,2013-12-31,3.15%,1.80%,0.82%,1.76%,6.15%,-0.73%,-1.56%,-0.46%,-0.62%,3.85%,2.82%,4.89%,7.14%,5.66%,-3.13%,4.20%,125,149,144,141,113,175,500,383,603,709,-21.95%,96.01%,-35.14%,100.7%,85.20%,578.0%,267.9%,858.6%,-37.09%,-34.52%
2014-02-28,2014-01-31,1.03%,0.02%,-0.42%,-0.47%,-0.04%,5.60%,4.82%,4.31%,4.10%,4.32%,-1.09%,-0.65%,-0.45%,4.36%,4.67%,4.55%,126,149,143,140,113,184,524,399,628,739,-22.78%,93.50%,-35.85%,99.44%,93.86%,608.8%,267.5%,900.4%,-37.78%,-34.95%
2014-03-31,2014-02-28,-2.96%,-0.22%,0.83%,2.08%,1.75%,-1.57%,0.22%,-0.05%,1.23%,0.63%,5.58%,2.23%,4.17%,1.37%,0.51%,0.70%,123,148,145,143,115,182,525,399,635,744,-19.15%,97.75%,-32.27%,103.9%,94.84%,613.8%,268.2%,914.0%,-34.31%,-33.50%
2014-04-30,2014-03-31,-2.76%,-0.02%,0.13%,0.11%,0.38%,-6.33%,-2.93%,-3.62%,-2.31%,-2.81%,2.46%,2.76%,0.65%,-2.65%,-0.02%,-3.48%,119,148,145,143,115,170,510,385,621,723,-16.61%,104.7%,-30.61%,109.5%,94.80%,588.9%,255.4%,887.1%,-32.69%,-31.66%
2014-05-31,2014-04-30,-0.68%,-0.22%,0.72%,-0.24%,-0.48%,-0.62%,0.74%,1.14%,0.61%,-0.66%,-0.25%,-0.53%,-0.92%,-1.20%,2.10%,-1.05%,118,148,146,143,115,169,513,389,624,718,-16.44%,104.6%,-30.78%,108.4%,98.90%,581.7%,244.2%,875.2%,-32.86%,-32.02%
2014-06-30,2014-05-31,0.47%,-0.51%,-0.54%,-0.73%,-1.96%,6.54%,4.35%,4.59%,3.59%,3.34%,-3.14%,-3.51%,-3.36%,2.18%,2.50%,3.23%,119,147,145,142,112,180,536,407,647,742,-18.47%,98.09%,-32.96%,101.1%,103.9%,603.7%,246.8%,896.5%,-34.97%,-34.41%
2014-07-31,2014-06-30,-0.11%,0.30%,0.32%,0.26%,2.96%,-6.11%,-4.92%,-5.29%,-3.71%,-2.26%,3.15%,3.51%,3.96%,-1.41%,-1.95%,-2.47%,119,148,145,142,116,169,509,385,623,725,-15.97%,105.7%,-30.84%,108.2%,99.88%,586.4%,245.0%,882.4%,-32.92%,-32.11%
2014-08-31,2014-07-31,0.35%,0.03%,-0.57%,-0.53%,-1.44%,4.91%,4.38%,3.29%,4.18%,2.96%,-1.88%,-1.47%,-1.89%,2.82%,4.18%,3.26%,119,148,145,142,114,177,532,398,649,747,-17.47%,101.7%,-32.14%,105.1%,108.2%,608.8%,241.8%,910.1%,-34.18%,-33.10%
2014-09-30,2014-08-31,-1.34%,0.25%,-0.67%,-0.46%,1.11%,-6.97%,-4.07%,-4.75%,-4.24%,-4.10%,2.59%,2.65%,1.88%,-3.23%,-2.09%,-4.03%,118,148,144,141,115,165,510,379,621,716,-15.45%,107.5%,-30.38%,110.5%,103.9%,580.2%,235.2%,877.5%,-32.47%,-31.33%
2014-10-31,2014-09-30,-3.05%,-0.73%,0.16%,-0.68%,-5.78%,3.48%,4.35%,3.24%,3.79%,0.57%,-2.82%,-2.33%,-6.45%,0.15%,2.74%,0.85%,114,147,144,140,109,171,532,391,645,720,-17.75%,101.5%,-32.35%,105.6%,109.5%,586.0%,228.9%,878.9%,-34.38%,-32.93%
2014-11-30,2014-10-31,-1.35%,-0.37%,-0.45%,0.02%,-1.20%,-1.41%,0.62%,0.12%,0.63%,-0.39%,0.23%,1.01%,-1.42%,-0.26%,2.54%,-0.56%,113,146,143,140,107,168,535,392,649,717,-17.63%,103.5%,-32.19%,107.7%,114.8%,582.1%,218.7%,876.4%,-34.23%,-32.25%
2014-12-31,2014-11-30,-3.38%,0.13%,0.63%,0.01%,-0.74%,0.03%,2.07%,3.35%,1.66%,2.12%,2.53%,1.67%,-0.14%,2.20%,-0.03%,1.70%,109,147,144,140,107,168,546,405,660,733,-15.46%,107.8%,-30.47%,111.2%,114.7%,593.7%,224.2%,897.9%,-32.56%,-31.12%
2015-01-31,2014-12-31,-2.47%,0.82%,1.36%,1.56%,2.27%,-5.45%,-2.97%,-2.03%,-2.26%,-1.90%,4.46%,2.86%,3.29%,-1.43%,-2.75%,-2.29%,106,148,146,142,109,159,530,397,645,719,-11.45%,115.1%,-27.37%,117.2%,108.8%,577.8%,225.7%,883.6%,-29.55%,-29.15%
2015-02-28,2015-01-31,4.84%,0.59%,0.25%,-1.06%,-1.82%,9.81%,6.23%,5.61%,4.47%,4.89%,-6.26%,-3.53%,-2.91%,4.97%,5.76%,6.03%,111,149,146,141,107,175,563,419,674,754,-17.34%,104.6%,-31.92%,109.6%,120.8%,618.7%,226.6%,932.5%,-33.96%,-31.65%
2015-03-31,2015-02-28,-2.38%,-0.57%,-0.36%,-0.04%,-1.69%,-1.19%,0.78%,-0.03%,1.12%,0.13%,0.24%,0.69%,-1.86%,0.09%,-1.06%,-0.12%,109,148,146,141,105,173,568,419,681,755,-16.77%,107.3%,-31.75%,111.0%,118.5%,617.9%,229.6%,933.4%,-33.80%,-31.18%
2015-04-30,2015-03-31,2.19%,0.39%,0.36%,0.67%,2.42%,1.16%,-0.81%,-0.83%,-1.30%,1.33%,0.01%,-0.44%,2.31%,0.40%,0.40%,0.53%,111,148,146,141,108,175,563,415,672,765,-16.57%,107.6%,-31.75%,110.1%,119.4%,621.7%,230.1%,937.5%,-33.80%,-31.48%
2015-05-31,2015-04-30,0.16%,-0.48%,-1.18%,-1.86%,-1.53%,1.21%,0.70%,2.02%,0.56%,0.48%,-1.96%,-0.45%,-2.32%,0.33%,1.29%,0.46%,111,148,145,139,106,177,567,424,676,769,-17.98%,106.1%,-33.08%,109.1%,122.2%,625.0%,227.3%,940.9%,-35.09%,-31.79%
2015-06-30,2015-05-31,-2.13%,-0.38%,-0.52%,-0.36%,-0.79%,-2.24%,0.04%,0.44%,0.26%,0.09%,1.72%,2.47%,-0.26%,0.82%,-1.63%,0.08%,109,147,144,138,105,173,567,426,678,769,-16.88%,110.9%,-31.93%,114.3%,118.6%,625.6%,232.9%,949.4%,-33.98%,-30.11%
2015-07-31,2015-06-30,-1.54%,0.05%,1.25%,-0.02%,-1.69%,-5.80%,-1.77%,-0.51%,-1.45%,-4.04%,0.24%,2.44%,-1.31%,-3.05%,1.68%,-3.78%,107,147,146,138,104,163,557,423,668,738,-17.00%,114.6%,-31.77%,119.5%,122.2%,598.2%,214.8%,917.4%,-33.82%,-28.41%
2015-08-31,2015-07-31,-2.01%,-0.00%,-0.61%,1.13%,0.77%,-6.17%,-5.08%,-5.63%,-3.50%,-2.63%,2.72%,2.51%,1.51%,-2.31%,-5.98%,-3.07%,105,147,145,140,104,153,529,400,645,719,-14.68%,122.2%,-29.91%,125.0%,109.0%,576.7%,223.9%,893.9%,-32.02%,-26.61%
2015-09-30,2015-08-31,-2.22%,-0.87%,0.21%,0.99%,-0.57%,-8.92%,-5.07%,-4.17%,-3.01%,-5.31%,2.44%,4.05%,0.52%,-3.81%,-2.82%,-5.03%,103,146,145,141,104,139,502,383,625,681,-13.28%,130.2%,-28.20%,134.1%,103.1%,542.7%,216.8%,856.0%,-30.36%,-23.64%
2015-10-31,2015-09-30,-1.59%,-0.44%,-0.40%,-0.40%,-1.34%,6.40%,6.22%,4.51%,4.85%,4.07%,-0.57%,-2.68%,-1.82%,3.09%,7.68%,3.90%,101,145,145,141,102,148,533,400,656,708,-13.07%,124.8%,-28.61%,127.9%,118.7%,567.8%,204.8%,885.6%,-30.75%,-25.68%
2015-11-30,2015-10-31,-0.28%,-0.73%,-0.87%,-1.05%,-2.61%,2.13%,1.91%,2.35%,1.89%,3.41%,-2.32%,2.81%,-3.47%,5.44%,0.55%,4.60%,101,144,143,139,100,151,544,410,668,732,-15.09%,127.7%,-30.27%,134.3%,119.9%,598.5%,217.1%,939.2%,-32.36%,-23.59%
2015-12-31,2015-11-30,-1.40%,-0.41%,-0.65%,0.65%,0.71%,-6.31%,-4.43%,-4.54%,-3.40%,-3.67%,1.89%,2.24%,1.15%,-3.01%,-2.07%,-3.68%,99,144,142,140,100,142,519,391,645,706,-13.31%,133.8%,-28.95%,139.5%,115.3%,572.8%,212.0%,908.0%,-31.08%,-21.88%
2016-01-31,2015-12-31,-4.25%,-1.43%,-0.65%,0.47%,-1.74%,-13.23%,-9.46%,-8.47%,-6.08%,-8.46%,2.67%,4.44%,-0.58%,-6.94%,-5.64%,-8.27%,95,142,142,141,99,123,470,358,606,646,-11.13%,144.9%,-27.05%,150.1%,103.2%,517.1%,203.8%,838.0%,-29.24%,-18.41%
2016-02-29,2016-01-31,-2.82%,0.30%,0.62%,0.45%,-0.17%,-0.09%,1.00%,-0.42%,0.46%,-0.15%,2.46%,-0.24%,0.36%,-0.48%,-0.05%,-0.41%,92,142,142,141,98,123,475,356,609,645,-8.77%,144.8%,-25.26%,149.5%,103.1%,514.6%,202.7%,833.5%,-27.50%,-18.61%
2016-03-31,2016-02-29,0.81%,1.13%,1.38%,0.99%,-0.75%,11.23%,9.09%,7.87%,7.16%,6.85%,-1.38%,-3.82%,-1.13%,5.79%,7.08%,6.93%,93,144,144,143,98,137,518,384,652,689,-10.20%,134.1%,-26.29%,140.0%,117.4%,557.2%,202.3%,887.5%,-28.50%,-21.72%
2016-04-30,2016-03-31,3.21%,1.37%,1.01%,0.76%,0.76%,6.82%,3.22%,2.25%,2.19%,2.85%,-2.38%,-3.95%,0.45%,2.14%,0.81%,3.33%,96,146,146,144,98,146,535,393,667,709,-12.40%,124.8%,-28.04%,130.5%,119.2%,579.1%,209.9%,908.6%,-30.20%,-24.81%
2016-05-31,2016-04-30,-1.77%,0.05%,-0.91%,-0.29%,-1.77%,-0.50%,1.45%,1.35%,0.90%,-0.34%,0.38%,0.81%,-1.69%,-0.07%,1.79%,-0.32%,94,146,144,143,97,145,543,398,673,706,-12.39%,125.1%,-27.77%,132.4%,123.1%,576.9%,203.3%,907.9%,-29.94%,-24.20%
2016-06-30,2016-05-31,-0.59%,-1.36%,0.05%,0.74%,0.15%,-1.71%,-1.57%,0.30%,1.69%,1.50%,0.27%,4.14%,0.29%,3.93%,0.26%,2.69%,94,144,145,145,97,143,534,400,684,717,-11.75%,132.3%,-27.57%,142.0%,123.7%,595.1%,210.7%,947.6%,-29.75%,-21.06%
2016-07-31,2016-06-30,-2.31%,0.75%,0.47%,0.59%,0.15%,6.88%,6.70%,5.35%,4.99%,5.13%,1.84%,-2.10%,0.44%,4.07%,3.97%,4.70%,92,145,145,145,97,153,570,421,718,754,-9.58%,128.3%,-26.24%,136.9%,132.6%,627.8%,213.0%,990.2%,-28.46%,-22.72%
2016-08-31,2016-07-31,1.20%,-0.01%,-0.62%,-0.59%,-0.81%,4.11%,1.86%,1.48%,1.00%,1.15%,-2.16%,-2.67%,-1.54%,0.40%,0.32%,1.20%,93,145,144,145,96,159,580,427,725,762,-11.40%,121.5%,-27.83%,130.6%,133.3%,636.5%,215.8%,994.5%,-30.00%,-24.79%
2016-09-30,2016-08-31,0.32%,-0.19%,-0.41%,-0.53%,-0.17%,3.30%,2.05%,1.48%,0.75%,2.67%,-1.04%,-1.63%,-0.79%,1.45%,0.19%,1.94%,93,145,144,144,96,164,592,433,731,783,-11.83%,120.1%,-28.59%,126.8%,133.8%,650.8%,221.3%,1010%,-30.73%,-26.02%
2016-10-31,2016-09-30,-1.03%,0.37%,-0.12%,-0.16%,-0.64%,-8.45%,-4.54%,-5.17%,-3.75%,-4.59%,-0.27%,3.09%,-1.23%,-4.15%,-2.12%,-5.08%,92,145,144,144,95,150,565,411,703,747,-11.49%,128.6%,-28.78%,133.9%,128.8%,612.7%,211.8%,964.3%,-30.92%,-23.73%
2016-11-30,2016-10-31,0.84%,-0.32%,-0.57%,0.03%,-5.60%,11.12%,9.74%,7.93%,7.21%,6.45%,-5.74%,-3.76%,-6.28%,5.71%,4.59%,6.83%,93,145,143,144,90,167,621,444,754,795,-17.20%,118.0%,-32.87%,125.1%,139.3%,661.4%,218.8%,1025%,-34.88%,-26.60%
2016-12-31,2016-11-30,0.31%,0.12%,0.51%,1.05%,-0.50%,1.86%,2.06%,2.25%,3.09%,1.49%,-0.81%,0.09%,-0.95%,1.51%,1.94%,1.49%,93,145,143,145,90,170,633,454,777,807,-17.87%,117.2%,-33.41%,125.2%,144.0%,672.7%,217.3%,1042%,-35.41%,-26.53%
2017-01-31,2016-12-31,0.50%,-0.36%,0.57%,0.36%,1.32%,3.21%,0.72%,1.29%,0.98%,1.90%,0.29%,-2.49%,1.19%,0.80%,1.89%,1.55%,94,144,144,146,91,175,638,459,785,822,-17.20%,114.3%,-33.22%,119.6%,148.6%,684.7%,216.2%,1051%,-35.23%,-28.36%
2017-02-28,2017-01-31,-1.71%,0.07%,-0.53%,0.92%,0.22%,1.33%,2.41%,1.53%,2.46%,1.70%,2.44%,0.75%,1.16%,2.09%,3.64%,1.86%,92,144,144,147,91,178,653,466,804,836,-15.60%,115.1%,-31.59%,121.3%,157.6%,699.3%,210.6%,1075%,-33.65%,-27.83%
2017-03-31,2017-02-28,-3.37%,0.08%,0.03%,0.18%,0.06%,-1.23%,1.24%,0.85%,0.91%,0.77%,3.55%,1.95%,1.09%,1.39%,0.13%,0.80%,89,144,144,147,91,176,661,470,812,843,-12.71%,119.4%,-29.17%,125.6%,158.0%,705.7%,212.7%,1092%,-31.29%,-26.41%
2017-04-30,2017-03-31,-4.06%,-0.62%,-0.28%,0.37%,-1.47%,-2.00%,0.71%,0.64%,1.82%,0.37%,2.78%,2.48%,-0.40%,1.35%,1.11%,0.61%,85,144,143,148,90,172,666,473,826,846,-10.45%,124.7%,-27.20%,131.2%,160.8%,710.6%,211.1%,1108%,-29.39%,-24.59%
2017-05-31,2017-04-30,-3.93%,-0.79%,0.14%,-0.31%,-1.31%,-5.07%,-2.43%,-1.02%,-0.64%,-1.81%,2.94%,3.57%,-0.23%,-0.53%,1.06%,-1.60%,82,142,143,147,89,163,650,469,821,831,-8.10%,132.0%,-25.06%,139.5%,163.6%,697.6%,202.8%,1101%,-27.31%,-21.90%
2017-06-30,2017-05-31,2.82%,0.72%,0.36%,0.14%,-0.08%,6.74%,3.68%,3.44%,2.05%,2.51%,-2.88%,-3.77%,-1.00%,1.46%,0.90%,2.59%,84,143,144,148,89,174,674,485,838,851,-10.76%,122.2%,-27.22%,130.4%,166.0%,718.3%,208.0%,1119%,-29.41%,-24.85%
2017-07-31,2017-06-30,-0.45%,-0.03%,-0.35%,-0.40%,-0.93%,-0.77%,0.63%,0.38%,0.57%,-0.07%,-0.20%,1.21%,-0.94%,0.38%,1.93%,0.02%,84,143,143,147,88,173,678,487,843,851,-11.20%,123.7%,-27.37%,133.2%,171.1%,718.4%,202.1%,1123%,-29.55%,-23.94%
2017-08-31,2017-07-31,0.10%,-0.72%,0.30%,-0.48%,-0.39%,-2.97%,-2.22%,-0.87%,-1.09%,-1.28%,-0.57%,1.51%,-0.85%,-1.13%,0.26%,-1.58%,84,142,144,146,87,168,663,482,834,840,-11.63%,127.5%,-27.78%,136.7%,171.8%,705.5%,196.5%,1110%,-29.95%,-22.79%
2017-09-30,2017-08-31,1.71%,0.94%,0.32%,0.91%,-0.38%,9.40%,7.80%,6.39%,5.69%,5.57%,-1.85%,-3.09%,-0.85%,4.55%,2.47%,5.47%,85,144,144,148,87,184,715,513,881,887,-13.48%,118.8%,-29.12%,129.4%,178.5%,749.6%,205.4%,1165%,-31.25%,-25.17%
2017-10-31,2017-09-30,0.03%,-0.41%,0.26%,-0.54%,-1.11%,-1.41%,0.31%,0.84%,0.59%,-0.33%,-1.26%,1.38%,-1.54%,0.19%,2.24%,-0.22%,85,143,145,147,86,181,717,517,886,884,-14.46%,121.1%,-30.01%,132.6%,184.7%,747.7%,197.9%,1167%,-32.11%,-24.14%
2017-11-30,2017-10-31,0.05%,0.40%,0.48%,0.62%,1.49%,2.75%,2.80%,3.05%,3.27%,4.74%,1.89%,2.58%,1.84%,5.33%,3.22%,4.56%,85,144,145,148,87,186,737,533,915,926,-13.23%,125.5%,-28.69%,138.6%,193.9%,786.3%,201.9%,1235%,-30.83%,-22.19%
2017-12-31,2017-11-30,0.04%,-0.65%,0.50%,0.44%,2.15%,1.25%,-0.30%,0.97%,0.93%,2.72%,2.00%,1.41%,2.51%,3.13%,1.10%,2.71%,85,143,146,148,89,188,735,538,924,951,-11.40%,128.8%,-27.26%,141.9%,197.1%,810.3%,206.8%,1276%,-29.45%,-21.09%
2018-01-31,2017-12-31,1.20%,-0.50%,-0.74%,-0.65%,0.75%,2.03%,2.05%,2.50%,2.45%,4.35%,-0.43%,1.60%,0.27%,4.40%,5.34%,3.92%,87,142,145,147,90,192,750,552,946,992,-11.80%,134.1%,-27.57%,145.8%,213.0%,846.0%,202.4%,1337%,-29.75%,-19.83%
2018-02-28,2018-01-31,-0.44%,-0.78%,-1.09%,-0.93%,-0.23%,-5.52%,-4.22%,-4.17%,-4.02%,-3.27%,-0.12%,1.73%,-0.68%,-3.25%,-3.65%,-3.77%,86,141,143,146,90,182,718,529,908,960,-11.62%,139.4%,-27.66%,150.1%,201.6%,810.3%,202.0%,1290%,-29.83%,-18.44%
2018-03-31,2018-02-28,-1.59%,0.55%,0.99%,0.84%,-0.42%,0.97%,1.22%,1.70%,1.32%,0.85%,1.19%,-0.85%,-0.02%,0.64%,-1.98%,0.89%,85,142,145,147,89,183,727,538,920,968,-10.58%,139.1%,-26.80%,147.9%,195.6%,818.4%,210.7%,1299%,-29.00%,-19.13%
2018-04-30,2018-03-31,0.05%,-0.49%,-0.56%,-0.80%,-0.64%,1.48%,0.81%,0.39%,0.32%,0.64%,-1.18%,-1.18%,-1.40%,-0.09%,0.43%,0.27%,85,141,144,146,89,186,733,540,923,974,-11.19%,137.1%,-27.67%,145.0%,196.9%,820.9%,210.2%,1298%,-29.84%,-20.09%
2018-05-31,2018-04-30,-0.00%,0.97%,-0.83%,-1.27%,-3.52%,6.13%,6.21%,4.04%,4.39%,3.86%,-3.85%,-2.88%,-5.17%,2.61%,2.78%,3.47%,85,142,143,144,86,197,778,562,964,"1,012",-14.32%,131.7%,-30.45%,138.0%,205.1%,852.9%,212.4%,1334%,-32.54%,-22.39%
2018-06-30,2018-05-31,-2.40%,-1.02%,-0.42%,1.04%,-1.28%,-0.10%,0.22%,2.43%,2.80%,0.63%,1.68%,1.29%,-0.66%,1.20%,0.75%,0.81%,83,141,142,146,85,197,780,576,991,"1,018",-13.36%,133.4%,-29.29%,141.0%,207.4%,860.6%,212.5%,1351%,-31.41%,-21.39%
2018-07-31,2018-06-30,-1.93%,-0.80%,-0.61%,-0.58%,-2.55%,0.22%,1.38%,0.97%,1.09%,-0.89%,-0.52%,-0.76%,-2.50%,-0.82%,3.27%,-0.59%,81,140,141,145,82,198,791,581,"1,001","1,009",-13.90%,130.8%,-29.65%,139.2%,217.5%,854.9%,200.4%,1339%,-31.77%,-21.99%
2018-08-31,2018-07-31,0.37%,1.52%,-0.11%,0.57%,-1.65%,3.62%,4.02%,2.78%,3.44%,2.67%,-2.25%,-1.06%,-2.67%,2.28%,3.55%,2.60%,81,142,141,146,81,205,823,597,"1,036","1,036",-15.64%,128.6%,-31.24%,136.6%,228.8%,879.7%,197.6%,1372%,-33.30%,-22.81%
2018-09-30,2018-08-31,-0.86%,-0.25%,-0.51%,-0.15%,0.04%,-1.95%,-1.25%,-1.69%,-1.85%,-1.58%,0.97%,0.59%,0.27%,-1.35%,0.10%,-1.53%,81,142,140,145,81,201,812,587,"1,017","1,020",-14.88%,129.5%,-30.57%,138.0%,229.1%,864.8%,192.7%,1352%,-32.66%,-22.36%
2018-10-31,2018-09-30,-1.51%,-0.22%,-0.37%,0.32%,1.97%,-12.65%,-8.99%,-9.73%,-8.39%,-9.29%,3.96%,3.44%,3.36%,-8.22%,-7.26%,-9.26%,80,141,140,146,83,175,739,530,931,925,-11.92%,137.2%,-27.82%,146.2%,205.2%,775.5%,186.9%,1233%,-29.99%,-19.69%
2018-11-30,2018-10-31,-3.02%,-0.58%,-0.43%,-1.17%,-3.77%,-1.21%,1.10%,0.72%,0.34%,-1.97%,-0.72%,-0.57%,-3.97%,-2.04%,1.99%,-1.87%,77,140,139,144,80,173,747,534,935,907,-12.58%,135.4%,-28.34%,144.8%,211.3%,759.1%,175.8%,1206%,-30.49%,-20.15%
2018-12-31,2018-11-30,-4.41%,-2.08%,-0.99%,-1.70%,-0.93%,-16.18%,-13.33%,-10.70%,-11.13%,-12.85%,3.79%,2.76%,-0.05%,-12.39%,-9.28%,-13.21%,74,138,138,142,79,145,648,477,831,790,-9.53%,143.2%,-25.62%,151.6%,182.4%,645.6%,165.0%,1044%,-27.85%,-17.95%
2019-01-31,2018-12-31,2.23%,0.77%,0.69%,1.04%,2.15%,17.57%,13.08%,14.49%,11.10%,15.11%,-0.49%,-1.80%,2.01%,14.95%,8.72%,15.49%,75,139,139,143,80,171,733,546,923,910,-9.60%,137.2%,-25.99%,147.0%,207.0%,761.0%,182.9%,1215%,-28.21%,-19.42%
2019-02-28,2019-01-31,-0.49%,0.80%,0.01%,-0.19%,-0.80%,6.33%,5.41%,4.75%,3.86%,4.37%,-1.13%,-2.45%,-1.54%,3.32%,3.43%,4.05%,75,140,139,143,80,182,772,572,958,949,-9.89%,132.6%,-26.82%,141.0%,217.6%,796.0%,184.7%,1259%,-29.02%,-21.40%
2019-03-31,2019-02-28,-0.60%,-0.77%,0.12%,0.20%,0.95%,-0.89%,-1.73%,-1.39%,-1.29%,-0.47%,1.82%,2.40%,1.59%,2.37%,1.40%,1.65%,75,139,139,143,81,180,759,564,946,945,-8.50%,133.5%,-25.49%,146.8%,222.0%,810.8%,185.4%,1291%,-27.73%,-19.52%
2019-04-30,2019-03-31,-1.72%,-0.18%,-1.54%,-0.63%,-3.15%,2.44%,4.11%,2.25%,2.35%,0.94%,-1.73%,-1.66%,-3.86%,0.41%,4.02%,0.91%,73,138,137,142,78,184,790,577,968,954,-9.81%,130.0%,-26.79%,142.7%,235.0%,819.0%,176.5%,1297%,-28.99%,-20.85%
2019-05-31,2019-04-30,0.71%,0.31%,1.60%,1.76%,3.12%,-10.93%,-9.33%,-6.88%,-5.68%,-6.43%,2.79%,4.52%,4.28%,-4.84%,-6.47%,-6.20%,74,139,139,145,80,164,716,537,913,892,-7.62%,140.4%,-24.74%,153.6%,213.3%,762.1%,177.3%,1229%,-27.00%,-17.27%
2019-06-30,2019-05-31,-4.36%,-1.09%,-1.38%,-1.46%,-4.01%,5.28%,7.15%,5.69%,4.79%,4.31%,0.00%,-0.51%,-4.41%,4.59%,6.83%,4.74%,71,137,137,143,77,173,768,567,957,931,-7.30%,138.1%,-24.74%,152.3%,234.7%,803.0%,171.5%,1290%,-27.00%,-17.70%
2019-07-31,2019-06-30,-0.35%,-0.06%,0.24%,0.47%,-0.41%,-2.46%,-0.42%,-0.87%,0.32%,-0.52%,-0.48%,2.03%,-0.70%,0.32%,1.45%,-0.29%,70,137,138,143,77,169,764,562,960,926,-7.36%,142.7%,-25.10%,157.5%,239.6%,800.4%,166.7%,1294%,-27.35%,-16.03%
2019-08-31,2019-07-31,-1.03%,-0.38%,1.24%,0.90%,-0.34%,-6.35%,-6.21%,-3.82%,-3.72%,-5.34%,-0.10%,0.27%,-0.68%,-5.46%,-2.11%,-5.54%,70,137,139,145,77,158,717,541,924,877,-6.72%,145.2%,-25.18%,158.2%,232.4%,750.5%,157.6%,1218%,-27.43%,-15.80%
2019-09-30,2019-08-31,0.52%,1.04%,0.68%,1.58%,0.02%,2.10%,3.95%,2.61%,3.61%,0.66%,-0.12%,-1.03%,0.16%,0.50%,1.75%,0.80%,70,138,140,147,77,161,745,555,958,882,-7.19%,141.6%,-25.27%,155.5%,238.2%,757.4%,155.1%,1225%,-27.52%,-16.66%
2019-10-31,2019-09-30,-3.75%,-1.46%,-0.63%,-1.19%,-3.97%,-0.13%,1.05%,1.65%,0.92%,-1.66%,-0.19%,-1.23%,-4.18%,-2.05%,2.20%,-1.69%,67,136,139,145,74,161,753,564,966,868,-7.40%,137.9%,-25.41%,152.4%,245.7%,742.9%,145.2%,1198%,-27.65%,-17.69%
2019-11-30,2019-10-31,-2.93%,-0.87%,-1.75%,-0.96%,-2.47%,4.33%,4.26%,2.49%,3.12%,2.47%,-0.48%,-2.75%,-3.26%,0.79%,3.75%,1.62%,65,135,137,144,72,168,785,578,997,889,-6.97%,133.5%,-25.77%,145.4%,258.7%,756.5%,140.0%,1208%,-28.00%,-19.95%
2019-12-31,2019-11-30,2.06%,0.39%,-0.96%,0.43%,0.56%,7.23%,4.55%,3.20%,4.07%,4.60%,-2.43%,-3.71%,-0.52%,3.12%,2.79%,4.23%,67,135,136,145,72,180,821,597,"1,037",930,-8.37%,127.4%,-27.58%,136.3%,268.7%,792.8%,143.4%,1249%,-29.76%,-22.92%
2020-01-31,2019-12-31,0.96%,0.88%,1.82%,0.71%,4.89%,-5.03%,-2.88%,-1.13%,-1.08%,3.57%,3.61%,8.71%,5.78%,6.80%,0.06%,4.18%,67,137,138,146,76,171,797,590,"1,026",963,-4.77%,147.0%,-24.96%,156.9%,268.9%,830.1%,153.5%,1340%,-27.22%,-16.20%
2020-02-29,2020-01-31,-1.55%,-0.49%,-1.26%,-2.26%,0.81%,-9.44%,-8.39%,-7.55%,-7.27%,-3.62%,2.68%,7.21%,1.56%,0.08%,-8.00%,-2.08%,66,136,136,142,76,155,730,545,951,929,-2.53%,161.3%,-22.95%,175.4%,239.4%,810.8%,168.5%,1342%,-25.27%,-10.16%
2020-03-31,2020-02-29,-4.57%,-3.01%,-5.08%,-5.62%,-6.50%,-28.55%,-23.34%,-22.28%,-19.11%,-21.83%,-1.73%,5.74%,-7.31%,-20.00%,-13.57%,-21.73%,63,132,129,134,71,111,560,424,769,726,-4.41%,178.9%,-24.28%,191.3%,193.3%,612.9%,146.6%,1053%,-26.56%,-5.00%
2020-04-30,2020-03-31,10.37%,3.17%,2.32%,-0.56%,-2.62%,27.40%,18.56%,18.06%,15.55%,14.95%,-11.90%,-10.56%,-5.16%,13.27%,13.44%,16.44%,70,136,132,133,70,141,664,500,889,834,-16.82%,144.2%,-33.29%,160.5%,232.7%,730.1%,154.0%,1206%,-35.30%,-15.03%
2020-05-31,2020-04-30,2.46%,0.97%,-1.36%,-1.50%,-2.21%,9.46%,7.51%,6.66%,6.00%,7.85%,-5.29%,-1.65%,-4.42%,6.81%,5.40%,7.31%,72,137,131,131,68,154,714,534,942,900,-20.71%,140.2%,-36.82%,156.2%,250.7%,790.7%,158.8%,1295%,-38.72%,-16.44%
2020-06-30,2020-05-31,4.63%,0.88%,0.84%,1.17%,0.59%,11.30%,5.17%,4.97%,7.26%,7.35%,-3.97%,-2.86%,-0.43%,7.05%,2.44%,7.91%,75,139,132,133,68,172,751,560,"1,011",966,-23.91%,130.7%,-39.34%,148.9%,259.3%,861.1%,173.0%,1394%,-41.16%,-18.83%
2020-07-31,2020-06-30,1.77%,-0.45%,-0.77%,-1.21%,0.29%,4.27%,2.81%,2.55%,4.30%,5.10%,-1.70%,0.92%,-0.49%,5.07%,5.73%,4.79%,76,138,131,131,69,179,772,575,"1,054","1,015",-25.04%,132.6%,-40.36%,151.2%,279.8%,907.2%,170.4%,1469%,-42.16%,-18.08%
2020-08-31,2020-07-31,0.04%,-2.55%,-3.04%,-3.27%,-6.62%,7.42%,4.82%,4.33%,3.55%,3.01%,-7.38%,-5.19%,-9.37%,0.86%,7.38%,2.41%,76,134,127,127,64,193,809,600,"1,092","1,046",-30.03%,122.4%,-44.77%,138.1%,307.9%,931.5%,157.0%,1483%,-46.42%,-22.33%
2020-09-30,2020-08-31,2.46%,1.98%,1.05%,0.56%,0.72%,-3.66%,-2.93%,-1.76%,-3.06%,-1.85%,-1.41%,1.61%,0.43%,-1.48%,-3.62%,-1.96%,78,137,128,128,65,185,785,589,"1,058","1,026",-31.26%,126.4%,-45.55%,142.0%,293.1%,911.3%,161.2%,1459%,-47.18%,-21.08%
2020-10-31,2020-09-30,-5.37%,-1.53%,-2.01%,-0.76%,0.44%,0.36%,1.73%,-0.30%,0.77%,1.86%,4.90%,0.68%,1.13%,1.16%,-2.11%,0.96%,74,135,125,127,65,186,799,587,"1,066","1,046",-27.26%,129.8%,-42.88%,143.6%,284.8%,920.9%,169.3%,1477%,-44.60%,-20.54%
2020-11-30,2020-10-31,4.72%,2.45%,1.66%,0.29%,-3.49%,29.66%,21.82%,19.82%,16.98%,14.50%,-7.67%,-13.44%,-5.20%,11.14%,12.26%,15.17%,77,138,128,127,63,241,973,704,"1,247","1,197",-33.23%,94.96%,-47.26%,110.9%,332.0%,1076%,177.1%,1653%,-48.85%,-31.22%
2020-12-31,2020-11-30,-0.31%,-0.55%,-0.12%,-0.43%,-2.38%,11.36%,8.68%,8.82%,7.96%,8.52%,-2.35%,-3.44%,-2.91%,7.28%,4.57%,8.31%,77,138,127,127,61,269,"1,058",766,"1,347","1,299",-34.61%,89.41%,-48.50%,103.6%,351.7%,1174%,187.5%,1781%,-50.05%,-33.58%
2021-01-31,2020-12-31,5.78%,2.44%,-0.83%,1.97%,3.84%,16.19%,9.21%,4.41%,10.08%,12.59%,-1.02%,-2.33%,4.43%,12.18%,-0.11%,12.88%,82,141,126,129,63,312,"1,155",799,"1,483","1,463",-35.88%,82.59%,-49.03%,98.89%,351.2%,1338%,224.8%,2010%,-50.56%,-35.13%
2021-02-28,2021-01-31,1.28%,0.92%,2.25%,2.62%,4.50%,12.69%,8.76%,7.92%,7.81%,8.24%,2.98%,-3.98%,4.95%,6.94%,2.93%,8.13%,83,142,129,133,66,352,"1,256",863,"1,598","1,583",-33.82%,74.45%,-47.51%,90.99%,364.4%,1454%,241.7%,2156%,-49.09%,-37.71%
2021-03-31,2021-02-28,-3.66%,-2.34%,0.25%,-0.25%,1.94%,3.96%,2.55%,1.80%,1.94%,0.67%,4.93%,-3.16%,2.89%,-0.21%,3.35%,0.74%,80,139,129,132,68,366,"1,288",878,"1,629","1,594",-30.11%,68.72%,-44.92%,84.95%,380.0%,1466%,232.8%,2151%,-46.57%,-39.68%
2021-04-30,2021-03-31,-0.46%,-0.06%,0.21%,-0.67%,-0.81%,1.37%,2.11%,2.17%,2.03%,1.04%,-0.40%,-1.19%,-0.84%,0.56%,5.10%,0.92%,79,139,130,131,67,371,"1,315",897,"1,662","1,610",-30.35%,68.16%,-45.14%,82.74%,404.5%,1480%,218.8%,2164%,-46.79%,-40.40%
2021-05-31,2021-04-30,-0.47%,-0.59%,0.11%,0.52%,0.28%,2.58%,1.62%,-0.01%,1.80%,1.12%,-0.38%,-2.23%,-0.25%,0.53%,0.33%,1.19%,79,138,130,132,67,380,"1,337",897,"1,692","1,629",-29.83%,65.72%,-45.35%,78.67%,406.2%,1499%,221.6%,2176%,-46.99%,-41.72%
2021-06-30,2021-05-31,2.63%,-1.15%,-1.89%,-1.24%,-1.26%,6.83%,0.35%,1.79%,1.76%,3.59%,-4.17%,-3.31%,-2.72%,2.33%,2.70%,3.32%,81,136,127,130,66,406,"1,341",913,"1,722","1,687",-32.55%,60.35%,-47.63%,72.76%,419.8%,1552%,223.6%,2229%,-49.20%,-43.65%
2021-07-31,2021-06-30,-2.13%,-0.68%,-0.18%,0.02%,1.03%,-6.67%,-2.42%,-3.96%,-1.89%,-4.23%,4.06%,2.05%,2.87%,-4.04%,1.50%,-4.65%,79,135,127,130,67,379,"1,309",877,"1,689","1,616",-30.42%,64.27%,-45.50%,76.30%,427.7%,1475%,203.7%,2135%,-47.14%,-42.50%
2021-08-31,2021-07-31,-0.18%,0.37%,-0.26%,-0.41%,-1.43%,2.51%,2.72%,2.04%,2.26%,1.79%,-1.62%,-0.41%,-2.05%,1.85%,2.91%,1.98%,79,136,127,130,66,389,"1,345",895,"1,728","1,645",-31.29%,63.09%,-46.38%,75.57%,443.0%,1506%,200.8%,2176%,-47.99%,-42.73%
2021-09-30,2021-08-31,-0.07%,-0.31%,0.35%,-0.16%,-0.31%,-3.84%,-2.63%,-2.79%,-2.68%,-2.11%,-1.12%,1.17%,-1.45%,-2.11%,-4.39%,-2.46%,79,136,127,130,66,374,"1,309",870,"1,681","1,610",-31.46%,65.90%,-46.98%,77.62%,419.2%,1467%,206.6%,2128%,-48.58%,-42.07%
2021-10-31,2021-09-30,-1.47%,-0.80%,-1.47%,-2.06%,-3.45%,1.86%,3.65%,1.15%,2.98%,1.33%,-2.43%,-0.65%,-4.10%,1.01%,6.70%,1.21%,78,134,125,127,64,381,"1,357",880,"1,731","1,631",-32.82%,65.02%,-48.27%,76.47%,454.0%,1486%,189.8%,2151%,-49.82%,-42.44%
2021-11-30,2021-10-31,-4.92%,-1.71%,-0.95%,-2.11%,-1.62%,-8.58%,-4.48%,-2.85%,-4.63%,-5.03%,3.78%,3.38%,-0.42%,-4.43%,-1.46%,-5.45%,74,132,124,124,63,348,"1,296",855,"1,651","1,549",-30.60%,70.89%,-46.31%,82.43%,445.9%,1400%,178.2%,2051%,-47.93%,-40.50%
2021-12-31,2021-11-30,-6.40%,-0.47%,0.43%,0.56%,-0.65%,-5.92%,2.60%,0.12%,3.23%,0.56%,6.55%,6.38%,2.00%,2.20%,3.46%,0.28%,69,132,125,125,62,328,"1,330",856,"1,704","1,558",-26.62%,81.97%,-42.80%,94.06%,464.7%,1404%,169.4%,2098%,-44.52%,-36.71%
2022-01-31,2021-12-31,4.46%,1.24%,0.04%,1.46%,7.65%,-13.20%,-7.33%,-9.63%,-5.89%,-7.26%,4.29%,5.75%,9.49%,-5.98%,-6.20%,-7.71%,72,133,125,127,67,284,"1,233",774,"1,604","1,445",-24.28%,92.79%,-40.34%,105.2%,429.7%,1288%,165.4%,1967%,-42.14%,-33.06%
2022-02-28,2022-01-31,-3.08%,-0.42%,-1.09%,-0.73%,-2.33%,-1.98%,-0.11%,0.09%,-0.35%,0.18%,-0.06%,1.55%,-2.54%,0.54%,-2.33%,0.07%,70,133,123,126,65,279,"1,231",774,"1,598","1,448",-23.71%,96.97%,-40.38%,108.4%,417.4%,1289%,171.7%,1978%,-42.17%,-32.03%
2022-03-31,2022-02-28,1.03%,0.47%,0.78%,0.56%,1.72%,3.20%,1.64%,0.01%,1.65%,2.94%,0.84%,0.13%,1.91%,3.11%,3.26%,3.07%,71,133,124,127,66,288,"1,251",774,"1,625","1,490",-23.18%,96.45%,-39.88%,108.7%,434.3%,1332%,171.2%,2043%,-41.68%,-31.94%
2022-04-30,2022-03-31,-5.83%,-0.54%,-0.87%,0.23%,-1.20%,-18.50%,-10.73%,-8.56%,-7.77%,-8.69%,4.75%,9.78%,-0.07%,-6.15%,-9.23%,-9.09%,67,133,123,127,66,234,"1,117",708,"1,499","1,361",-19.63%,115.7%,-37.02%,129.1%,384.9%,1202%,171.6%,1911%,-38.91%,-25.28%
2022-05-31,2022-04-30,1.85%,-1.24%,-1.69%,-1.39%,-4.06%,-4.11%,-1.53%,-2.89%,-0.67%,-2.64%,-5.29%,1.86%,-5.18%,-1.90%,-0.43%,-2.46%,68,131,121,125,63,225,"1,100",688,"1,489","1,325",-24.38%,118.9%,-40.35%,133.3%,382.8%,1170%,166.1%,1873%,-42.15%,-23.89%
2022-06-30,2022-05-31,-7.92%,-0.65%,0.32%,2.50%,2.83%,-11.56%,-8.24%,-6.52%,-5.85%,-3.94%,11.05%,7.16%,5.90%,-2.43%,-8.30%,-4.58%,63,130,122,128,65,199,"1,009",643,"1,402","1,273",-16.25%,135.6%,-33.76%,150.1%,342.7%,1111%,176.0%,1825%,-35.75%,-18.44%
2022-07-31,2022-06-30,-3.92%,-3.48%,-2.03%,-3.35%,-6.59%,12.06%,9.97%,6.86%,6.92%,4.97%,-2.91%,-6.75%,-7.36%,3.49%,9.61%,5.51%,60,125,119,124,61,223,"1,110",687,"1,499","1,336",-18.48%,118.9%,-35.69%,133.2%,385.3%,1178%,164.7%,1892%,-37.62%,-23.95%
2022-08-31,2022-07-31,1.16%,1.33%,0.33%,1.02%,0.76%,-0.34%,-0.86%,-0.62%,-1.05%,0.45%,-0.78%,0.68%,0.65%,0.70%,-3.68%,0.50%,61,127,120,125,61,222,"1,100",683,"1,483","1,342",-18.81%,120.6%,-36.19%,134.8%,367.4%,1185%,175.8%,1906%,-38.11%,-23.43%
2022-09-30,2022-08-31,-4.11%,-1.26%,-0.69%,-1.21%,-0.68%,-14.82%,-12.16%,-7.68%,-10.32%,-9.47%,4.04%,5.46%,0.46%,-8.24%,-9.25%,-9.88%,58,126,119,124,61,189,966,630,"1,330","1,215",-16.03%,132.4%,-33.62%,147.6%,324.2%,1058%,174.0%,1740%,-35.61%,-19.25%
2022-10-31,2022-09-30,-3.01%,-1.11%,-2.92%,-1.02%,-7.59%,4.19%,10.06%,4.13%,8.97%,5.58%,-4.90%,2.07%,-8.63%,6.96%,7.93%,6.34%,57,124,115,122,56,197,"1,064",656,"1,449","1,283",-19.88%,135.6%,-36.87%,152.7%,357.8%,1131%,169.7%,1869%,-38.77%,-17.58%
2022-11-30,2022-10-31,-3.75%,0.13%,-1.30%,0.39%,0.09%,-3.39%,2.05%,0.72%,2.87%,0.02%,4.37%,4.41%,1.69%,1.91%,4.98%,0.58%,55,124,114,123,56,190,"1,085",661,"1,491","1,283",-16.80%,143.7%,-34.11%,163.9%,380.6%,1138%,157.8%,1906%,-36.09%,-13.94%
2022-12-31,2022-11-30,-2.97%,-0.14%,0.29%,0.72%,0.01%,-10.30%,-6.94%,-3.59%,-4.94%,-4.50%,3.65%,6.11%,1.19%,-2.81%,-6.04%,-4.65%,53,124,114,124,56,171,"1,010",637,"1,417","1,225",-14.32%,157.8%,-31.70%,180.0%,351.6%,1081%,161.4%,1850%,-33.76%,-8.68%
2023-01-31,2022-12-31,8.00%,1.84%,2.56%,1.26%,4.89%,24.49%,15.90%,11.36%,10.54%,13.48%,-2.07%,-10.26%,4.63%,10.61%,7.10%,13.69%,57,126,117,125,59,213,"1,171",710,"1,566","1,390",-16.99%,129.4%,-33.12%,151.3%,383.7%,1242%,178.6%,2057%,-35.13%,-18.04%
2023-02-28,2023-01-31,-6.80%,-3.25%,-1.45%,-1.64%,-2.75%,-6.71%,-4.31%,-2.64%,-2.58%,-3.17%,4.06%,3.48%,-1.56%,-2.15%,-2.37%,-3.19%,53,122,115,123,57,198,"1,120",691,"1,526","1,346",-13.63%,137.6%,-30.40%,160.0%,372.2%,1199%,176.4%,2010%,-32.49%,-15.20%
2023-03-31,2023-02-28,-6.21%,-2.93%,-2.18%,-1.24%,2.51%,-8.34%,-6.61%,-5.90%,-5.45%,-5.82%,9.15%,2.60%,4.71%,-5.39%,2.73%,-6.17%,50,119,113,122,59,182,"1,046",650,"1,443","1,268",-6.10%,143.5%,-24.03%,166.8%,385.1%,1119%,151.8%,1897%,-26.31%,-12.99%
2023-04-30,2023-03-31,1.12%,1.36%,0.34%,-0.36%,1.85%,-3.37%,-1.80%,-1.16%,-2.75%,-2.04%,1.16%,1.84%,2.18%,-1.59%,0.94%,-2.14%,50,120,113,121,60,176,"1,027",643,"1,403","1,242",-5.41%,146.8%,-23.15%,171.7%,389.7%,1093%,144.0%,1865%,-25.46%,-11.39%
2023-05-31,2023-04-30,-2.18%,-0.65%,-1.28%,-1.71%,-2.81%,2.75%,0.64%,-1.48%,-1.85%,-1.40%,-0.96%,-4.41%,-3.26%,-2.98%,0.56%,-1.66%,49,120,112,119,58,180,"1,034",633,"1,377","1,225",-6.01%,136.5%,-23.89%,159.7%,392.4%,1073%,138.6%,1806%,-26.18%,-15.30%
2023-06-30,2023-05-31,-4.46%,-0.95%,-1.15%,-1.67%,-4.55%,6.27%,7.90%,6.19%,5.78%,3.91%,-1.05%,-2.42%,-5.24%,3.41%,6.84%,4.14%,47,118,110,117,55,192,"1,116",672,"1,457","1,272",-6.09%,131.0%,-24.69%,153.4%,426.0%,1122%,132.2%,1871%,-26.95%,-17.35%
2023-07-31,2023-06-30,0.99%,-1.81%,-1.82%,-2.27%,-4.95%,9.60%,5.77%,4.75%,4.08%,1.68%,-5.60%,-7.23%,-6.56%,-0.21%,3.63%,1.96%,48,116,108,115,53,210,"1,180",704,"1,516","1,294",-11.66%,112.7%,-28.91%,135.1%,445.2%,1146%,128.3%,1867%,-31.04%,-23.32%
2023-08-31,2023-07-31,-3.10%,0.01%,-1.15%,-0.42%,0.37%,-11.11%,-6.36%,-6.02%,-5.25%,-4.87%,2.69%,5.29%,0.67%,-3.98%,-1.96%,-5.57%,46,116,107,114,53,187,"1,105",662,"1,437","1,231",-8.60%,125.9%,-26.99%,147.5%,434.5%,1077%,120.0%,1789%,-29.18%,-19.26%
2023-09-30,2023-08-31,-2.52%,-1.04%,-0.64%,0.51%,2.33%,-10.88%,-8.00%,-5.44%,-5.56%,-4.24%,5.36%,6.30%,4.15%,-2.85%,-4.85%,-4.74%,45,115,107,115,54,167,"1,017",626,"1,357","1,179",-4.17%,140.9%,-23.08%,163.2%,408.6%,1021%,120.3%,1735%,-25.39%,-14.17%
2023-10-31,2023-09-30,-3.86%,-2.11%,-0.93%,-0.23%,0.86%,-11.81%,-8.70%,-6.01%,-5.46%,-6.78%,4.52%,4.77%,1.88%,-6.05%,-2.71%,-7.48%,43,113,106,114,54,147,928,588,"1,283","1,099",0.36%,153.1%,-19.60%,175.7%,394.8%,936.9%,109.8%,1624%,-22.02%,-10.07%
2023-11-30,2023-10-31,3.26%,1.85%,-0.29%,-1.14%,-5.04%,11.12%,10.71%,7.62%,7.20%,5.82%,-7.97%,-3.42%,-6.41%,6.89%,9.33%,7.91%,45,115,105,113,52,163,"1,027",633,"1,375","1,163",-7.97%,139.6%,-26.01%,166.3%,440.9%,1019%,106.8%,1743%,-28.23%,-13.15%
2023-12-31,2023-11-30,-3.41%,-0.45%,-2.76%,-1.05%,-6.42%,17.60%,13.09%,8.37%,10.67%,8.61%,-2.98%,-7.09%,-7.90%,6.91%,5.36%,9.03%,43,114,102,112,48,192,"1,162",686,"1,522","1,263",-10.74%,118.1%,-28.21%,147.4%,469.9%,1120%,114.4%,1870%,-30.37%,-19.31%
2024-01-31,2023-12-31,2.79%,1.66%,0.12%,0.77%,2.44%,-6.17%,-2.67%,-3.23%,-2.57%,-2.63%,-0.50%,3.04%,2.12%,-2.20%,1.01%,-3.11%,44,116,102,113,50,180,"1,131",664,"1,483","1,230",-11.05%,125.8%,-28.57%,154.9%,475.7%,1082%,105.6%,1827%,-30.72%,-16.86%
2024-02-29,2024-01-31,4.66%,0.41%,0.38%,0.53%,-0.86%,8.68%,4.22%,2.81%,4.72%,4.52%,-6.17%,-3.72%,-3.32%,3.30%,5.38%,4.42%,46,117,103,113,49,196,"1,179",682,"1,553","1,285",-15.96%,116.4%,-32.98%,145.4%,506.7%,1134%,103.6%,1890%,-34.99%,-19.95%
2024-03-31,2024-02-29,0.47%,0.72%,0.45%,1.49%,2.07%,1.22%,2.71%,3.34%,4.07%,2.99%,2.65%,3.43%,3.96%,5.84%,3.23%,4.81%,47,117,103,115,50,198,"1,211",705,"1,616","1,324",-14.61%,120.3%,-31.20%,153.8%,526.3%,1194%,106.8%,2007%,-33.27%,-17.20%
2024-04-30,2024-03-31,-3.14%,-1.56%,-0.82%,-0.10%,0.95%,-10.88%,-7.98%,-5.89%,-5.47%,-5.17%,5.20%,5.60%,2.85%,-3.98%,-4.29%,-5.66%,45,116,102,115,51,177,"1,114",664,"1,528","1,255",-11.12%,132.9%,-27.63%,168.1%,499.4%,1121%,104.0%,1923%,-29.80%,-12.56%
2024-05-31,2024-04-30,-3.09%,-0.26%,-0.99%,-0.35%,-4.09%,4.52%,8.46%,3.27%,4.18%,2.43%,-2.29%,-4.70%,-5.61%,0.34%,4.77%,1.75%,44,115,101,115,49,184,"1,208",685,"1,592","1,286",-12.01%,128.0%,-29.29%,155.5%,528.0%,1142%,97.80%,1930%,-31.41%,-16.67%
2024-06-30,2024-05-31,-3.93%,-1.79%,-2.10%,-2.32%,-3.49%,-4.32%,-2.33%,-2.57%,-2.10%,-3.73%,0.90%,0.95%,-3.40%,-3.82%,3.17%,-4.11%,42,113,99,112,47,177,"1,180",668,"1,558","1,238",-11.62%,129.3%,-28.65%,157.9%,547.9%,1091%,83.41%,1852%,-30.79%,-15.88%
2024-07-31,2024-06-30,-4.00%,-0.30%,-0.89%,-0.67%,-6.18%,8.57%,10.18%,7.17%,6.51%,4.08%,-3.52%,-5.06%,-7.97%,2.19%,1.82%,3.70%,40,113,98,111,44,192,"1,300",716,"1,660","1,288",-13.54%,119.0%,-31.16%,144.9%,559.7%,1135%,86.87%,1895%,-33.23%,-20.13%
2024-08-31,2024-07-31,-0.84%,-0.13%,-0.89%,-0.30%,-1.39%,-4.85%,-2.18%,-2.86%,-1.05%,-2.07%,0.40%,4.38%,-1.34%,-0.40%,2.17%,-1.71%,40,113,98,111,43,182,"1,272",695,"1,642","1,262",-14.02%,125.1%,-30.89%,155.6%,574.0%,1114%,79.60%,1887%,-32.96%,-16.63%
2024-09-30,2024-08-31,-2.75%,-0.69%,-0.88%,-1.05%,-1.66%,-0.30%,1.04%,0.31%,0.36%,0.94%,1.23%,1.20%,-1.16%,1.40%,2.15%,1.04%,39,112,97,110,43,182,"1,285",697,"1,648","1,274",-13.08%,127.9%,-30.04%,158.7%,588.5%,1126%,77.61%,1915%,-32.14%,-15.63%
2024-10-31,2024-09-30,2.96%,0.76%,0.07%,-0.46%,0.78%,0.89%,-0.45%,-0.49%,-1.33%,-0.31%,-1.68%,-0.81%,-0.00%,-0.83%,-0.65%,-0.59%,40,113,97,109,43,183,"1,279",694,"1,626","1,270",-14.98%,125.1%,-31.21%,156.6%,584.0%,1119%,77.73%,1898%,-33.28%,-16.31%
2024-11-30,2024-10-31,-1.16%,-0.44%,-1.74%,-2.82%,-7.50%,12.67%,11.18%,8.66%,7.23%,7.79%,-7.22%,-3.35%,-10.56%,7.25%,6.82%,8.26%,40,112,95,106,40,207,"1,422",754,"1,744","1,369",-20.36%,114.2%,-36.18%,148.0%,630.7%,1220%,80.28%,2043%,-38.10%,-19.12%
2024-12-31,2024-11-30,2.13%,-0.03%,0.07%,0.98%,4.96%,-2.03%,-5.89%,-2.63%,-3.28%,0.51%,3.97%,2.15%,6.28%,0.51%,-2.93%,-0.14%,40,112,95,107,42,202,"1,339",734,"1,686","1,375",-18.11%,119.6%,-33.65%,153.3%,609.2%,1218%,85.32%,2054%,-35.64%,-17.37%
